Subject,Block,Condition,Optode,NonFiniteSampleCount,NonPositiveSampleCount,BaselineCV730,BaselineCV850,AmbientToSignalRatio,AmbientCorrelation730,AmbientCorrelation850,MotionCandidateFraction,MathematicallyValidChannel
3,4,1,1,0,0,0.00123214274019349,0.00119354203951022,0.241758969894303,-0.473581731848618,-0.00248855534953487,0,1
3,4,1,2,0,0,0.00172444718720487,0.00126525518810129,0.082956925292975,0.544575338418258,0.722669159361279,0,1
3,4,1,3,0,0,0.00219671819969358,0.00174166910940457,0.084941774915266,-0.0392507877387728,0.31398560392127,0,1
3,4,1,4,0,0,0.00184787017797448,0.00198137155192813,0.0688142232771059,0.583672409572101,0.736386862741498,0,1
3,4,1,5,0,0,0.00190337886947518,0.00187157954649721,0.0467635268832986,0.0368240563500558,-0.00165945248842969,0,1
3,4,1,6,0,0,0.00180788653057985,0.00188335139290564,0.0724366910730418,0.601934815138908,0.675449517141712,0,1
3,4,1,7,0,0,0.00133019373500198,0.00229678352794856,0.0963448436030538,NaN,NaN,0,1
3,4,1,8,0,0,0.00248583650834248,0.00271932308509338,0.0890927939374251,0.580071936113483,0.683696095540027,0,1
3,4,1,9,0,0,0.000834810393119785,0.00234749617482091,0.0806414732475392,0.343151835495913,0.270877882780014,0,1
3,4,1,10,0,0,0.00063031077593429,0.00389835343368883,0.0730779383277931,0.684985427336397,0.872051235512624,0,1
3,4,1,11,0,0,0.00109633025428311,0.0035905605806922,0.0709607508554719,-0.131258611245803,-0.211310704646483,0,1
3,4,1,12,0,0,0.00107552131126535,0.00510127357486102,0.0973223466808245,0.468276162020129,0.704323983904663,0,1
3,4,1,13,0,0,0.000972179447542541,0.00283725322709791,0.0802781501548474,0.385023081663844,0.201997870855416,0,1
3,4,1,14,0,0,0.00134010100173168,0.00402308176328121,0.0680195021512872,0.593511782245589,0.677888445245001,0,1
3,4,1,15,0,0,0.000838357842224471,0.00257003251916905,0.223758961222567,-0.347032714661286,0.290231024705182,0,1
3,4,1,16,0,0,0.00158078381715124,0.000167093849503016,0.0396761438799676,0.557210714607989,0.560113645554948,0,1
3,5,1,1,0,0,0.00110029932479441,0.00364487205321973,0.239685785823261,-0.138471672492856,0.204792256000101,0,1
3,5,1,2,0,0,0.00205678174309708,0.00470412464254659,0.0833326176676489,-0.304150888050933,0.702648161331577,0,1
3,5,1,3,0,0,0.00153707060455912,0.00415569472632958,0.0837901005342813,0.365362341955865,-0.545595364517175,0,1
3,5,1,4,0,0,0.00234396337368358,0.00377438538471504,0.0658072780677686,0.623274115723372,0.709989905583776,0,1
3,5,1,5,0,0,0.00460424250835757,0.00649900948017116,0.0466810601925997,0.0322213081687671,-0.248110802731538,0,1
3,5,1,6,0,0,0.0056838602683849,0.00425029321002351,0.0710127665559044,0.0482704522146385,-0.0037991842535799,0,1
3,5,1,7,0,0,0.0069614753321373,0.007272924131296,0.0974449766698739,0.0587902155515407,0.122350834012139,0,1
3,5,1,8,0,0,0.00812988347388122,0.00647375680662572,0.0837003281639109,0.247879480675737,0.544263588120318,0,1
3,5,1,9,0,0,0.00679551543286871,0.00574559861053672,0.0778322281097501,0.642272859127794,0.390929460207788,0,1
3,5,1,10,0,0,0.00454975807457084,0.00531519527176781,0.0710156623601868,0.304902586145887,0.444071606304274,0,1
3,5,1,11,0,0,0.00435413337241566,0.00458602366078683,0.0700187554604899,-0.0171545364087206,-0.0784680745200962,0,1
3,5,1,12,0,0,0.00397792618825988,0.00518383198150429,0.089437150825535,0.50863102840309,0.280341613249014,0,1
3,5,1,13,0,0,0.00340491405819764,0.00487558843717021,0.0809791873411426,-0.0423592276349809,0.0773963904442781,0,1
3,5,1,14,0,0,0.00270886786896736,0.00553191310490286,0.0617602208554583,0.307508253610599,0.613863366396364,0,1
3,5,1,15,0,0,0.00130253194517764,0.00459857291891198,0.219550317206862,NaN,NaN,0,1
3,5,1,16,0,0,0.000395687612690994,0.00103040026028288,0.0400250056568055,0.0173284949831305,-0.44192614529269,0,1
3,6,1,1,0,0,0.000999490323676602,0.000952277149226923,0.242649635558559,-0.0723716808976259,0.202116236600182,0,1
3,6,1,2,0,0,0.00105763468277672,5.35893770644689e-05,0.0833562496007235,-0.21114875491887,-0.700829422931294,0,1
3,6,1,3,0,0,0.00165911192445165,0.000213146639490779,0.0842240470706922,-0.111678717120596,0.21685525253656,0,1
3,6,1,4,0,0,0.00115287943030159,0.000451227245542407,0.0657014604408772,0.430258513284443,-0.0696732357718905,0,1
3,6,1,5,0,0,0.00329505457828082,0.00397509430217783,0.0484681469189478,-0.425532238101909,0.116385389345278,0,1
3,6,1,6,0,0,0.00167897029614102,0.00124899259393668,0.0731171409627889,0.426548601927244,0.500842513628178,0,1
3,6,1,7,0,0,0.00400577757220361,0.00506129681656022,0.102587447254234,NaN,NaN,0,1
3,6,1,8,0,0,0.00412793769492678,0.00429146343937629,0.089002977363192,0.828637212710908,0.747048591435761,0,1
3,6,1,9,0,0,0.00287302035586149,0.000430578063569302,0.0773918701127912,0.112637500095614,0.24138201370367,0,1
3,6,1,10,0,0,0.00215164200557874,0.000469452891157346,0.0707590277257072,0.439651665206966,0.0600087629993343,0,1
3,6,1,11,0,0,0.000851811416595373,0.00130490226908136,0.0680601148580412,-0.123082977839933,0.0583661160096471,0,1
3,6,1,12,0,0,0.000349488979281081,0.00295002890608128,0.0799229257471123,0.0216387566279599,-0.567066967262295,0,1
3,6,1,13,0,0,0.000650898153806467,0.000479368250426085,0.0801677400107903,-0.39598212969928,0.0285766933854225,0,1
3,6,1,14,0,0,0.000921162351269106,0.000706418128567101,0.058069340316645,-0.581227827659313,-0.0168262787702242,0,1
3,6,1,15,0,0,0.00206488087989203,0.00332433944220982,0.212805468898073,NaN,NaN,0,1
3,6,1,16,0,0,0.00112192719909115,0.000431408916723274,0.0407237842644881,-0.463602155843094,0.352277629537613,0,1
3,7,2,1,0,0,0.00139725638617294,0.00277817037748229,0.240336318738219,-0.358032143175737,-0.194884931517845,0,1
3,7,2,2,0,0,0.00473871922832254,0.00533983679870828,0.0842866795514016,0.534853066754535,0.691330865276106,0,1
3,7,2,3,0,0,0.00150063900541565,0.00171013835565973,0.0843992820046718,-0.00129930125014874,0.300261219473995,0,1
3,7,2,4,0,0,0.00192148923495747,0.00225478700062319,0.0668373143389191,-0.574569942857722,0.0802911243859886,0,1
3,7,2,5,0,0,0.000833195927760916,0.000644522018404289,0.0469621779763287,-0.126593807780157,-0.000729016368170363,0,1
3,7,2,6,0,0,0.000541196062150191,0.000746728472537324,0.0720623853740531,0.717559783302388,0.647726337368508,0,1
3,7,2,7,0,0,0.000803926647125218,0.0010252046057267,0.0976762316682646,NaN,NaN,0,1
3,7,2,8,0,0,0.00249778523612691,0.00273352952486256,0.0858048966601095,0.717699296003274,0.680465057645419,0,1
3,7,2,9,0,0,0.000482070126371946,0.0011351327006338,0.0803508571905618,-0.456550106268609,-0.392698488899588,0,1
3,7,2,10,0,0,0.00101382897185044,0.0017637539848426,0.0728936701549022,0.789943061360912,0.847805817486058,0,1
3,7,2,11,0,0,0.000520447523814094,0.00144510014583648,0.0711586037685073,0.141101192496414,-0.0572400800050033,0,1
3,7,2,12,0,0,0.0020984440360051,0.00306125963952626,0.0940447582231346,-0.474276495513203,-0.296577140009993,0,1
3,7,2,13,0,0,0.000665103418998346,0.00273753718135316,0.0806684279870509,0.316720277345643,0.23036541164778,0,1
3,7,2,14,0,0,0.00173473915473175,0.00453122038553724,0.0635094615092211,-0.837340353512816,-0.759049782344163,0.0155038759689922,1
3,7,2,15,0,0,0.0022459230189042,0.00738297757693254,0.220669700199135,NaN,NaN,0,1
3,7,2,16,0,0,0.00357990500727248,0.000985083225094572,0.0399716559815566,0.584160863448113,0.310159290009455,0,1
3,8,2,1,0,0,0.00326127198751419,0.00697636191160358,0.244906240084242,0.208293590280141,0.265276135373013,0,1
3,8,2,2,0,0,0.0115723099391208,0.015736789005295,0.0853409322392805,0.413147082886813,0.74797485293393,0.0310077519379845,1
3,8,2,3,0,0,0.00173519034375132,0.0047792394069541,0.0849939410032154,0.0157106127711593,-0.361960053365125,0,1
3,8,2,4,0,0,0.00360896979822226,0.00666522160085293,0.0656669410399386,-0.157312347077804,0.290357760349628,0,1
3,8,2,5,0,0,0.00529574811265908,0.00952285618795383,0.0477017861095755,-0.158843538308414,-0.307840240019262,0,1
3,8,2,6,0,0,0.00223602900701035,0.00636420374675511,0.0722764715382129,0.684110488768374,0.750594051779813,0,1
3,8,2,7,0,0,0.00499627822918375,0.00923496850009526,0.1003167386157,NaN,NaN,0,1
3,8,2,8,0,0,0.0044883929660113,0.00886981601054842,0.0851186652001333,0.588460683810975,0.616148760319183,0,1
3,8,2,9,0,0,0.000763238960821836,0.00089171531752831,0.0779502725302837,-0.228752490521717,-0.34731910973322,0,1
3,8,2,10,0,0,0.0029956711030993,0.00635829461267036,0.0705379254458935,0.776146167090889,0.649789046916648,0,1
3,8,2,11,0,0,0.00180188740563411,0.00354989948204511,0.0697938799068138,0.152098539010858,0.0276490281011249,0,1
3,8,2,12,0,0,0.00137190357455012,0.00407478572925816,0.0870020149635535,-0.97199265276504,-0.793285523876341,0,1
3,8,2,13,0,0,0.000860479665717299,0.00284207406464773,0.0810884170994775,-0.18493671981679,-0.215741240706258,0,1
3,8,2,14,0,0,0.0039526227749572,0.00714748385184434,0.0598476460959472,-0.911104730322554,-0.826488850023904,0.0697674418604651,1
3,8,2,15,0,0,0.000568480810626564,0.00137039571643659,0.219671291858661,-0.401876578910613,-0.461785612242119,0,1
3,8,2,16,0,0,0.00156506009380765,0.000470043488413933,0.0404251335508869,-0.287850881074931,0.03215664334655,0,1
3,9,2,1,0,0,0.000120930867166786,0.00272275673491321,0.244161301099685,0.393977106332289,-0.00672856916920807,0,1
3,9,2,2,0,0,0.00049523640067542,0.00207841244196984,0.0845531726253958,0.309556355009358,0.139403077744749,0,1
3,9,2,3,0,0,0.00044885332089251,0.00337492721115718,0.085217306302364,0.308256095304195,-0.406380735990699,0,1
3,9,2,4,0,0,0.000361987978129054,0.00303073632382584,0.0669542383430284,0.498489901791826,0.60025353765887,0,1
3,9,2,5,0,0,0.00132739822077136,0.00439188972526346,0.0487122670425333,-0.242778200946119,-0.307559755689528,0,1
3,9,2,6,0,0,0.00120888717451326,0.00381548821832575,0.0730265233601272,0.329715734182642,0.753227960119406,0,1
3,9,2,7,0,0,0.000775439157020731,0.00410852548344554,0.103109671425067,NaN,NaN,0,1
3,9,2,8,0,0,0.00178395438586683,0.00536557097047752,0.0876306805324786,-0.183733823924832,0.296232270512937,0,1
3,9,2,9,0,0,0.000790112334134586,0.00466492456603259,0.0772937558326379,-0.310224451807006,0.216753477867459,0,1
3,9,2,10,0,0,0.000455301490191607,0.00395521232373262,0.0706974119230297,-0.198882272760451,0.41195543611346,0,1
3,9,2,11,0,0,0.000495093165797122,0.00387794160773082,0.0686181336874997,0.0232191757619026,-0.292271220623795,0,1
3,9,2,12,0,0,0.000854122530372707,0.00305796604903453,0.0823425573973568,0.509967801654154,0.51442147567626,0,1
3,9,2,13,0,0,0.00115944327732621,0.00414364400220761,0.0811736802064383,0.227986587157678,0.252293387514275,0,1
3,9,2,14,0,0,0.00141319616491996,0.00370563266808529,0.0593820715506476,-0.169417977625432,0.0906205358624203,0,1
3,9,2,15,0,0,0.000410274066621871,0.00209727114499104,0.2156949779117,-0.240728650704654,-0.262032000083629,0,1
3,9,2,16,0,0,0.000466465377192748,0.000175582300143715,0.0408030037506921,-0.159627641901337,-0.193447036793965,0,1
3,10,3,1,0,0,0.000946986715920986,0.00102083885512078,0.242280039120511,-0.181772395681492,-0.0983161117378107,0,1
3,10,3,2,0,0,0.00490142721573307,0.00496656556131594,0.0818451438844569,0.22648934293209,-0.300340158072503,0,1
3,10,3,3,0,0,0.000905790766639683,0.000939357884743348,0.0860963351397741,-0.0356394263836036,0.571352128109889,0,1
3,10,3,4,0,0,0.000886808888930439,0.000188529635185525,0.0691496105383021,0.831080287684129,0.765844138170695,0,1
3,10,3,5,0,0,0.00103215029246438,0.00249138675596576,0.0474055251027809,0.209569306809882,0.481070210709132,0,1
3,10,3,6,0,0,0.000481023748531413,0.00147437081288828,0.072141132842224,0.669974056476973,0.699768220174618,0,1
3,10,3,7,0,0,0.000229074616879011,0.00159522467719121,0.0955945107249983,-0.235928685764752,-0.0664303253155814,0,1
3,10,3,8,0,0,0.00292602026166694,0.00167487864735857,0.0923683075905478,0.223587998297489,0.519736391439245,0,1
3,10,3,9,0,0,0.00146314070091923,0.00543020094549615,0.0805613828656028,0.360010467600851,0.445366925136407,0,1
3,10,3,10,0,0,0.00144338397736238,0.00720919037229674,0.0723926042539102,0.254269621032179,-0.186225354589352,0,1
3,10,3,11,0,0,0.00185451338408788,0.00373804861391907,0.0698301018491573,0.326544102185258,0.228602923627294,0,1
3,10,3,12,0,0,0.00682192341815086,0.0111635546159509,0.0939761540451347,0.385205410452555,0.376833777815007,0,1
3,10,3,13,0,0,0.00101003872597678,0.00383613423788054,0.0809862610339757,-0.347713274458953,-0.25799187893314,0,1
3,10,3,14,0,0,0.00351935436130077,0.0118889815398613,0.068351844390526,0.293092148696593,0.430217906365401,0,1
3,10,3,15,0,0,0.000414446368011064,0.00392094974795736,0.225894459253421,0.723765252028085,0.503641356216606,0,1
3,10,3,16,0,0,0.0022502360827497,4.26610792589572e-05,0.0399501427494634,0.0167800071936465,-0.309221211890983,0,1
3,11,3,1,0,0,0.000114143303350584,0.000528081569505533,0.245081823677611,-0.0522607804005671,-0.0245341248799119,0,1
3,11,3,2,0,0,0.00041077297488015,0.00225502269247683,0.0853297770536148,0.896627844023104,0.866307108326977,0,1
3,11,3,3,0,0,5.79690530180865e-05,0.000324415193739791,0.0856841055019603,-0.368163293731052,-0.439169402462848,0,1
3,11,3,4,0,0,0.000335276968977239,0.00239835062440667,0.066006025884808,0.870439314724469,0.925930659172131,0,1
3,11,3,5,0,0,0.000372814650200098,0.000284503731432216,0.048238187637086,0.196491948894197,0.202889809896509,0,1
3,11,3,6,0,0,0.000413285777816461,0.00267263953005862,0.0729722453128185,0.707279489106605,0.847257926414932,0,1
3,11,3,7,0,0,0.00054901047273613,0.000739840010916289,0.101787012925685,NaN,NaN,0,1
3,11,3,8,0,0,0.000836154984464858,0.00161997387428583,0.0862109671801177,0.7874897932462,0.851112735263054,0,1
3,11,3,9,0,0,0.000575086296875486,0.00165450530592508,0.0779615539463068,0.557359755446462,0.576498911936706,0,1
3,11,3,10,0,0,0.000911622585900516,0.00226629419502283,0.0708758367722092,0.89629520254676,0.891077767292565,0,1
3,11,3,11,0,0,0.000415650017784541,0.00159669781140361,0.0695952360967719,0.108593319731852,0.325844512299104,0,1
3,11,3,12,0,0,0.000180851398199099,0.00282685974099158,0.0831034216439261,0.159761026835928,-0.226677840208103,0,1
3,11,3,13,0,0,0.000314075942634023,0.00055765896331117,0.0814158974617756,0.0424108881233325,0.231298688483665,0,1
3,11,3,14,0,0,0.00112034065165163,0.000987457652410671,0.0577064135127265,0.303949026561496,0.423045781438916,0,1
3,11,3,15,0,0,0.000595396363551495,0.000885821322749887,0.215456735759658,0.433234703106119,0.504976106025239,0,1
3,11,3,16,0,0,0.0014394251764869,0.000459395701941077,0.0406092139963359,0.29150154777779,-0.0813926448379452,0,1
3,12,3,1,0,0,0.0011201859361724,0.00109509951025405,0.243558362201667,-0.545761684726941,-0.27083949758667,0,1
3,12,3,2,0,0,0.00117173059647151,0.00254734885658752,0.084797535574392,0.515783824381367,0.764187696700581,0,1
3,12,3,3,0,0,0.00189031302633404,0.00252677575900829,0.0845291345879939,0.345150834369993,0.163390368291926,0,1
3,12,3,4,0,0,0.00193563006365215,0.00354377023645369,0.0641449576993995,-0.531253583625515,-0.527226663674375,0,1
3,12,3,5,0,0,0.000990265382350277,0.00409019989206749,0.0489218820919248,0.0759137164605408,0.21567480556968,0,1
3,12,3,6,0,0,0.000508388263930222,0.00396588855481495,0.0726748559926691,-0.0829159605029509,-0.0592763643541772,0,1
3,12,3,7,0,0,0.000940124276926734,0.00391836604045266,0.104207787369983,NaN,NaN,0,1
3,12,3,8,0,0,0.000499924191641677,0.00222407088664264,0.0853607486157772,-0.257778634699164,-0.184329357228253,0,1
3,12,3,9,0,0,0.000456246342148377,0.00214640532389321,0.0771077082277571,0.186780830457772,0.0770302724606308,0,1
3,12,3,10,0,0,0.00223847187632569,0.00373948966365624,0.0699066894455811,0.076587630343247,0.0614463275309265,0,1
3,12,3,11,0,0,0.00141762465492588,0.00220448550476264,0.0677554881929138,0.440819598774037,-0.115865843959759,0,1
3,12,3,12,0,0,0.00360130660282629,0.00497680375608439,0.0819306160745913,-0.332655404496829,-0.31588978065873,0,1
3,12,3,13,0,0,0.00215466812538564,0.003736284940614,0.0812198076049224,0.361179779064622,0.238168172874374,0,1
3,12,3,14,0,0,0.002173924548245,0.00479517771078322,0.059497321244368,-0.0620053999659306,-0.00102114872145179,0,1
3,12,3,15,0,0,0.0022135664251346,0.00373250984785428,0.213771535421698,0.0295125658829449,-0.0305447965021375,0,1
3,12,3,16,0,0,0.00177719380061649,0.00101327027182433,0.0408564399732166,0.751384355659154,0.127724572958352,0,1
4,4,1,1,0,0,0.000566925247519109,0.00333906466546085,0.327117650757402,0.0376068048786274,0.270660161885682,0,1
4,4,1,2,0,0,0.0024451616247632,0.00488502659578711,0.139639563588482,0.138457378487678,0.521411958699034,0,1
4,4,1,3,0,0,0.00107420270024528,0.00385117453868382,0.147243073217741,0.195113641712977,0.314919826028346,0,1
4,4,1,4,0,0,0.00245587560589112,0.00469274488928813,0.134251052257944,0.0889087947964373,0.013854781292339,0,1
4,4,1,5,0,0,0.000131550619843496,0.00386205110119856,0.0779203374828141,-0.186384436258713,-0.0192070490330582,0,1
4,4,1,6,0,0,0.0013310941122678,0.0048114639397562,0.124416030837445,0.208764343049035,-0.291486724055319,0,1
4,4,1,7,0,0,0.000180277005655826,0.00314091427999048,0.146166947584666,-0.230912914643395,0.0922710263808003,0,1
4,4,1,8,0,0,0.00235108781825162,0.00561838789102985,0.132518313103197,0.73891334171859,0.615605863491723,0,1
4,4,1,9,0,0,0.000841102002846671,0.00306707986462548,0.119061990412743,-0.529801999037432,0.292179659355418,0,1
4,4,1,10,0,0,0.000432075315983859,0.00467160564222707,0.102109882163278,-0.0839091155805096,0.306149304335967,0,1
4,4,1,11,0,0,0.000644989286866003,0.0041691410533062,0.0756350495652584,-0.0830206284825893,0.401096410488657,0,1
4,4,1,12,0,0,0.00081175563431944,0.00548074443594432,0.161095932716604,0.161050489695895,0.441296869323335,0,1
4,4,1,13,0,0,0.000661970863412966,0.00477834838658835,0.119374418376446,-0.500155182218391,0.0858146816607033,0,1
4,4,1,14,0,0,0.00113545216768225,0.00481731826769328,0.0952492008015106,-0.0501490003185867,-0.151259602223186,0,1
4,4,1,15,0,0,0.000335475565559116,0.0029732450238789,0.193334989052365,0.0714972614715795,0.110634864159445,0,1
4,4,1,16,0,0,0.000713856040026835,0.0041574564626153,0.198270641542983,0.354409466251087,0.778756639724582,0,1
4,5,1,1,0,0,0.00248530380828452,0.00501706056086101,0.317393175846525,0.43680543467468,0.466361270836784,0,1
4,5,1,2,0,0,0.00470127342924975,0.00460005366236444,0.141085056524737,0.551273860693575,0.477431677958973,0,1
4,5,1,3,0,0,0.00316118451450799,0.00581516671974247,0.144080082918865,0.56709188510212,0.406262776472959,0,1
4,5,1,4,0,0,0.00250643844147528,0.00518087406959702,0.134945165841313,-0.115544596191778,-0.533661756027404,0,1
4,5,1,5,0,0,0.00212086277093793,0.00493068960411089,0.0755850845287769,0.271103894280719,0.0705817115023641,0,1
4,5,1,6,0,0,0.0041117243409268,0.00806732881766408,0.117171055876295,-0.511635123802059,-0.466911739753837,0,1
4,5,1,7,0,0,0.00238423948267835,0.00671107814227467,0.147629078565161,0.247608016064969,0.217656723710748,0,1
4,5,1,8,0,0,0.00261914037032211,0.00609876812494075,0.130158928683799,-0.48423898725346,-0.524156353010495,0,1
4,5,1,9,0,0,0.000536305280568981,0.00548265130864872,0.118206767795357,0.499853487861913,0.244292813537749,0,1
4,5,1,10,0,0,0.000329714526653872,0.00529245591785345,0.10505017179321,-0.148738402440009,-0.501946276260363,0,1
4,5,1,11,0,0,0.00146629997585927,0.00759463292407717,0.0773588708083614,-0.340981631077496,-0.59475026546815,0,1
4,5,1,12,0,0,0.00373149071979654,0.0106961878696123,0.161168197687406,0.410631970027384,-0.677455982093028,0,1
4,5,1,13,0,0,0.000399111188172577,0.00599592301006478,0.125710340935088,-0.415547946228383,-0.433994245906666,0,1
4,5,1,14,0,0,0.00565636302921869,0.00939409949062868,0.0991806821462519,0.102509435533532,-0.600418678718339,0,1
4,5,1,15,0,0,0.00308263811556794,0.00631184608815953,0.206110080974045,-0.0166125490559677,-0.58537987867624,0,1
4,5,1,16,0,0,0.00492436586350794,0.00842838425631276,0.206473516920598,0.0840701738762937,-0.209644726686116,0,1
4,6,1,1,0,0,0.00103635800325226,0.00141871995466565,0.317088717866424,0.185887734698021,0.191415971733623,0,1
4,6,1,2,0,0,0.0134554402465954,0.0190024626684112,0.13815711300599,0.101482088693462,0.425238484501593,0.0390625,1
4,6,1,3,0,0,0.00341358051447465,0.00517562837069972,0.142891818662465,0.370991885084246,0.446150278458027,0,1
4,6,1,4,0,0,0.00589494936993938,0.00749381381088323,0.130481084308773,0.192499658743917,0.791768470772256,0,1
4,6,1,5,0,0,0.00048894504376632,0.00325102027735781,0.0721552717333774,0.17617301188487,0.0634218173626082,0,1
4,6,1,6,0,0,0.00028802465768833,0.00158297710598043,0.107965619850249,0.845848505368325,0.894056441732026,0,1
4,6,1,7,0,0,0.00360420705384022,0.003735392792965,0.139239792212683,0.759504002984273,0.435440919874364,0,1
4,6,1,8,0,0,0.00640920009999367,0.00787009284039865,0.118724760248663,0.847940410940054,0.875959660623128,0,1
4,6,1,9,0,0,0.00456467643883885,0.00348976666337062,0.113530425925526,0.200166074263626,0.320526677405069,0,1
4,6,1,10,0,0,0.00492038039550456,0.00637219814442117,0.100063124113044,0.730432107764223,0.809895417159692,0,1
4,6,1,11,0,0,0.00423679254797398,0.00699601143500577,0.0752076088666152,0.523253582881303,0.233694141712888,0,1
4,6,1,12,0,0,0.00388721222150541,0.00808202877437541,0.154062540053173,0.869155593400791,0.784720479332266,0,1
4,6,1,13,0,0,0.00288672679980511,0.00437248544665743,0.126750008766222,0.249908534745671,-0.0967584514508753,0,1
4,6,1,14,0,0,0.00334705559221355,0.00607793628235142,0.0977510132666424,-0.485113315645702,0.596218393527402,0,1
4,6,1,15,0,0,0.00102440945257505,0.00242344698648202,0.205619795533696,-0.231869312680444,-0.17243169051575,0,1
4,6,1,16,0,0,0.00200777981852098,0.00428051991787423,0.204978987627528,0.444193545764198,0.597850845912086,0,1
4,7,2,1,0,0,0.00210544944764456,0.00521566723965004,0.328122729588168,-0.13435496705351,-0.431639933578301,0,1
4,7,2,2,0,0,0.00755517925975822,0.00888746978598262,0.144431700207451,-0.157488492198798,-0.322663225277746,0,1
4,7,2,3,0,0,0.00451277468270502,0.00721276072381689,0.148924871956962,0.089806752004354,-0.27375628577413,0,1
4,7,2,4,0,0,0.00506789820109284,0.00907772099723404,0.136950626745314,-0.514321582850085,-0.641163031325318,0,1
4,7,2,5,0,0,0.00275853058668169,0.00538708315550445,0.0775532322213568,0.442798189256675,-0.0790915855096726,0,1
4,7,2,6,0,0,0.00277535945559014,0.0072682761129944,0.123568922614032,0.468333202030174,-0.146264277625237,0,1
4,7,2,7,0,0,0.00332698738337345,0.00754398314969705,0.145064833728098,0.116565082808933,-0.0668290769182459,0,1
4,7,2,8,0,0,0.00344180392869393,0.00651936713748023,0.133295383008587,0.762026463727642,0.820103451375467,0,1
4,7,2,9,0,0,0.00158467801338843,0.00553563737725832,0.12025253217273,0.369860247145288,0.357335334316702,0,1
4,7,2,10,0,0,0.00164546470553874,0.00417647330895902,0.105589505306873,0.803925232370872,0.77851608140694,0,1
4,7,2,11,0,0,0.00279986944317712,0.00648215861255887,0.0791991663115387,-0.109150425713291,-0.223805494796897,0,1
4,7,2,12,0,0,0.00150526871917437,0.00466927309799813,0.164239374618355,0.151624684722298,-0.64463041653097,0,1
4,7,2,13,0,0,0.00574955914613607,0.0078674842489338,0.120135781981529,0.447769887972472,-0.0683209093953248,0,1
4,7,2,14,0,0,0.00273987502462167,0.00555564331006834,0.0966495204220324,-0.549636858924176,-0.66424369642923,0,1
4,7,2,15,0,0,0.00205443779714477,0.00341178068438106,0.198771333344389,0.80975895995621,0.270920398430653,0,1
4,7,2,16,0,0,0.00485303404950025,0.00658048778738144,0.201158282406126,0.754252822722736,0.0519756549377538,0,1
4,8,2,1,0,0,0.00195781923084634,0.00612289335637236,0.321648164072702,0.40024693159023,0.172861786297618,0,1
4,8,2,2,0,0,0.00777496064460736,0.0118574830938254,0.133323367473358,0.743997744865861,0.423939766475101,0,1
4,8,2,3,0,0,0.00224537535914805,0.0066083341234653,0.144100100613946,0.176987941538222,0.00152895659173507,0,1
4,8,2,4,0,0,0.00332795612816976,0.00762283171302752,0.133548802953604,0.0549916492488455,0.0328600854777418,0,1
4,8,2,5,0,0,0.00254170824008388,0.00703365742518876,0.0750798229578103,0.243395501881927,0.381993164345046,0,1
4,8,2,6,0,0,0.00458353182338429,0.0107428515324209,0.115367638500953,0.40183823579194,0.454057507136197,0,1
4,8,2,7,0,0,0.00337357275780156,0.0058636974172701,0.146164707313996,-0.0522588566246966,0.0787351644285979,0,1
4,8,2,8,0,0,0.00361198197223778,0.00765567828815277,0.124982334614952,-0.101910201306895,0.134557760369377,0,1
4,8,2,9,0,0,0.00307282993425912,0.00357443557339471,0.117629943235154,0.367549788539588,-0.251215608072371,0,1
4,8,2,10,0,0,0.00197478635238121,0.0053083492407025,0.102387495628044,-0.0659248558585751,0.418313100338481,0,1
4,8,2,11,0,0,0.00235702186766022,0.00653155894782864,0.0769062525462762,0.571371241263401,0.0711893035585813,0,1
4,8,2,12,0,0,0.00412857020962119,0.0089985450458147,0.159478348794074,-0.2356645681976,0.306957535230894,0,1
4,8,2,13,0,0,0.00380634863408084,0.0108732621825509,0.12372989460281,0.0469455879284935,-0.0443489702194476,0,1
4,8,2,14,0,0,0.00583561053681346,0.0116078798222908,0.0973417309428406,-0.521294440492643,-0.482173333444233,0.0234375,1
4,8,2,15,0,0,0.00458006582598648,0.01066709494438,0.203477209350104,0.128066412111937,0.0734629481399507,0,1
4,8,2,16,0,0,0.00718752264052241,0.0126075842783675,0.202130822240984,0.805287195645787,0.764999737445188,0,1
4,9,2,1,0,0,0.000190178389347963,0.00112906233652625,0.318657466384358,0.22279628015988,0.134457550795365,0,1
4,9,2,2,0,0,0.00132044729829272,0.00163296716701496,0.134431440248851,0.818683969305041,0.699482560963515,0,1
4,9,2,3,0,0,0.00120395855220852,0.000755508269587534,0.143568093751882,0.349510060038279,0.113246179227262,0,1
4,9,2,4,0,0,0.0022539525669644,0.00244807913504861,0.130533564041531,0.365537529262724,0.811094121951629,0,1
4,9,2,5,0,0,0.00107512425516069,0.00165748904434726,0.0729270707507145,-0.506719766608459,-0.413518610557457,0,1
4,9,2,6,0,0,0.00120713099945301,0.00207382133877657,0.109441447096121,0.795701608555836,0.880860761322702,0,1
4,9,2,7,0,0,0.00423299778318903,0.00755764167233351,0.140957628489177,0.417936855888756,0.239691709425006,0,1
4,9,2,8,0,0,0.0011378209458322,0.00140330315173432,0.119028982972924,0.878190793844337,0.831286440882578,0,1
4,9,2,9,0,0,0.00160356877401113,0.002019705219804,0.114582297782104,0.0249234324819596,0.180571489697346,0,1
4,9,2,10,0,0,0.00162792231510183,0.00148905276586222,0.0992358495736394,0.761720106009114,0.776967031547445,0,1
4,9,2,11,0,0,0.00154178875837956,0.00181930979512553,0.0754151619274717,-0.289307592711417,-0.112464315360354,0,1
4,9,2,12,0,0,0.00165583838362833,0.00150668636018372,0.153616165730038,0.841291208775839,0.478575259267112,0,1
4,9,2,13,0,0,0.00244832687853277,0.00233647798753886,0.126468907341213,0.681993854777422,0.705776886854842,0,1
4,9,2,14,0,0,0.0052397030687416,0.00362544867680474,0.0961472481377803,0.574388549659948,0.503691957761882,0,1
4,9,2,15,0,0,0.000252841017761146,0.00139727164595711,0.206829947640943,-0.178127536182927,-0.0422391516877161,0,1
4,9,2,16,0,0,0.00296606634326753,0.00237754551799417,0.203586203030349,0.685205434126739,0.754247697654228,0,1
4,10,3,1,0,0,0.00180189781961384,0.00490275652184978,0.328520668096025,0.279279675117967,0.363469837379717,0,1
4,10,3,2,0,0,0.00327364531758222,0.00382610020302063,0.136216012430818,0.729632720060952,0.572004205490469,0,1
4,10,3,3,0,0,0.00196093117105737,0.00401189233805754,0.141708224981599,-0.339059533268078,-0.362864427344851,0,1
4,10,3,4,0,0,0.00381853021844721,0.00537411478371309,0.128657780461848,-0.243919504035299,-0.186013933982062,0,1
4,10,3,5,0,0,0.00188526742248691,0.00618403961443325,0.079254374762974,-0.121117219328874,0.0834059676867306,0,1
4,10,3,6,0,0,0.00222282846221784,0.00736251596090656,0.128162650142763,0.0904613070948304,0.0540119292025765,0.0775193798449612,1
4,10,3,7,0,0,0.00290610982599942,0.0094790159392528,0.141184792528079,0.22754619974212,0.0681755419260548,0,1
4,10,3,8,0,0,0.00358041754830668,0.00827461248282909,0.135238161366491,-0.874233822886284,-0.836360396548007,0.0310077519379845,1
4,10,3,9,0,0,0.00271977812592925,0.00955496078257185,0.117059961235896,0.0580135469731559,0.425169830055231,0,1
4,10,3,10,0,0,0.00240624032472333,0.00722328571432639,0.10177729695502,-0.884430185567036,-0.28499744932022,0,1
4,10,3,11,0,0,0.00173210661401637,0.00988378134672402,0.0747667664381439,0.616485108310625,-0.012928927872857,0,1
4,10,3,12,0,0,0.00156871689544021,0.00798308194424372,0.170095735076804,-0.613322997416993,-0.518414502990886,0.0930232558139535,1
4,10,3,13,0,0,0.0078782793489242,0.0144464739454902,0.11805014504422,0.0478637620624529,-0.147888825246031,0.0775193798449612,1
4,10,3,14,0,0,0.0103154311946832,0.0160218961764474,0.0982973448181464,-0.629745674306759,-0.606401180258978,0.13953488372093,1
4,10,3,15,0,0,0.00250948022683118,0.00830586438390781,0.201799869158355,0.246095590680002,0.281853826927023,0.10077519379845,1
4,10,3,16,0,0,0.00598865038548646,0.0122780188616179,0.194122350763971,0.664261310869565,0.42405997318887,0.10077519379845,1
4,11,3,1,0,0,0.000795932743868803,0.00338547317516098,0.319877373062923,-0.294409292961956,0.262752426460966,0,1
4,11,3,2,0,0,0.00267640495189624,0.00326271649064121,0.135001281817418,0.706449460023383,0.68818507636087,0,1
4,11,3,3,0,0,0.000672951076620118,0.00254337011667001,0.14362107104914,-0.389362190206999,0.339873893430144,0,1
4,11,3,4,0,0,0.000773285505531549,0.00145343753457941,0.131662543642715,-0.507715600849092,0.529275224498116,0,1
4,11,3,5,0,0,0.000473886144605046,0.000689473568397476,0.0740268214756126,-0.688134765578719,0.0240624366498567,0,1
4,11,3,6,0,0,0.000281131713770844,0.00084835584915962,0.111801813129817,-0.685141962599402,0.241748161365036,0,1
4,11,3,7,0,0,0.00553511627394832,0.00213340438326555,0.14420935323243,-0.432911503563557,-0.392545659450078,0,1
4,11,3,8,0,0,0.00113854904675148,0.00054423557706217,0.121293739927101,-0.389224162229518,0.642297192141597,0,1
4,11,3,9,0,0,0.00292009959953229,0.00180688854876179,0.11607978456049,-0.561155485442971,-0.483292595767851,0,1
4,11,3,10,0,0,0.00225112392339531,0.00287020384568757,0.100527922339866,-0.128271278671077,0.726571272075811,0,1
4,11,3,11,0,0,0.000892063927423267,0.000159272543705093,0.076485036111726,-0.273329951997114,-0.492349919498341,0,1
4,11,3,12,0,0,0.000913192620492538,0.00135565515212881,0.156231471419875,-0.294398793813955,0.556108066019198,0,1
4,11,3,13,0,0,0.00233783951669536,0.00404085468910142,0.121158095268519,-0.040049881293537,-0.211271794320939,0,1
4,11,3,14,0,0,0.000441965248525453,0.000697664111669762,0.0956540674870274,0.63977983358309,0.694951704127562,0,1
4,11,3,15,0,0,0.000377548974443885,0.00230275681360701,0.200309129383253,0.37974381898131,0.334823671213682,0,1
4,11,3,16,0,0,0.000957826280119958,0.00244339843654183,0.199974950720335,0.376261886003494,0.738936546563133,0,1
4,12,3,1,0,0,0.000195701118272785,0.0022641876604327,0.318310125389473,-0.139242976314932,0.453727472564221,0,1
4,12,3,2,0,0,0.00153874770110149,0.00534850649450196,0.143567284841967,0.458445371025666,-0.00766404713818849,0,1
4,12,3,3,0,0,0.00164551861725478,0.00458199746532461,0.143188542813221,-0.172697398499082,0.139838428976433,0,1
4,12,3,4,0,0,0.00190347817971583,0.0052325756190847,0.130776782349593,-0.84071227775232,-0.687216408255524,0,1
4,12,3,5,0,0,0.000771741762785899,0.0038383376501288,0.0720111026504888,0.380776906550442,0.169925427666721,0,1
4,12,3,6,0,0,0.00292329596384399,0.00679214783703116,0.107586931335571,-0.84609891625669,-0.700634575280571,0,1
4,12,3,7,0,0,0.00600602882385853,0.00504925579590859,0.13966956349656,-0.395340194671847,-0.402623147698228,0,1
4,12,3,8,0,0,0.00113551554986586,0.00435167191415389,0.118770614661293,-0.756978244946223,-0.555653482940222,0,1
4,12,3,9,0,0,0.00224948796923514,0.00292095244007524,0.113937205714068,0.190517195565334,0.00811512814872969,0,1
4,12,3,10,0,0,0.00116261110505184,0.00309603973043782,0.100572117978357,-0.724200069363663,-0.48068152040122,0,1
4,12,3,11,0,0,0.000579573773717626,0.00328782082606102,0.0761184917879265,0.0693843568185954,-0.0983121325724369,0,1
4,12,3,12,0,0,0.00307231476466947,0.00611754956193641,0.156592395840377,0.402822444636667,0.0558363023005714,0,1
4,12,3,13,0,0,0.00158549771246751,0.00330280827806233,0.126591378262098,-0.470342017730322,-0.465208607671772,0,1
4,12,3,14,0,0,0.00127493490136687,0.00386482168422489,0.0984102709131433,-0.76931006369506,-0.678538384371331,0,1
4,12,3,15,0,0,0.000569956831626989,0.00289614745766483,0.208750789350959,0.188287795329029,0.299440928489825,0,1
4,12,3,16,0,0,0.00127294157416904,0.00327393383260677,0.209528254793188,-0.817084525798112,-0.563985276303884,0,1
5,4,1,1,0,0,0.000493915309801769,0.00144899729979228,0.195682680163686,-0.0374988915534654,-0.108024025076193,0,1
5,4,1,2,0,0,0.000944796464305589,0.0015173418142769,0.225219056860863,0.713512029107795,-0.450534714703866,0,1
5,4,1,3,0,0,0.000695163220047949,0.00100119297773312,0.19942231324864,0.341219681069073,-0.301805690433551,0,1
5,4,1,4,0,0,0.000830586272715535,0.00117320863033052,0.11162974140456,-0.0679907291360122,-0.749323472087461,0,1
5,4,1,5,0,0,0.00061150329754194,0.000811185079958431,0.0836168857532491,0.167637559025788,0.170824725980579,0,1
5,4,1,6,0,0,0.0014086230175012,0.000949867247949937,0.110365067640315,-0.419703531154242,-0.554865040044201,0,1
5,4,1,7,0,0,0.00255862714263193,0.00174701649926327,0.221903180404846,0.367784248469459,-0.0727873586739488,0,1
5,4,1,8,0,0,0.00133288731722676,0.000666378475010944,0.119345025727896,0.0994958775131119,0.0960948570869988,0,1
5,4,1,9,0,0,0.00117957385623649,0.00168670275681264,0.191249678451319,0.360019736439464,0.402238716901421,0,1
5,4,1,10,0,0,0.00103888105224154,0.00175676755682483,0.162561495152634,-0.161930249249605,-0.413683367160541,0,1
5,4,1,11,0,0,0.0022101860142536,0.00256063702306628,0.117822269346213,0.585076104527345,-0.0476615997582835,0,1
5,4,1,12,0,0,0.000681337497486516,0.00118106676063369,0.100504984126686,-0.492706713746919,-0.541601142682428,0,1
5,4,1,13,0,0,0.000783679100400814,0.000981378720522884,0.117268751854308,0.831387632619563,-0.0741998091344205,0,1
5,4,1,14,0,0,0.000713192716381591,0.00106336488964039,0.0766802724617018,0.343883781341271,-0.287558824545749,0,1
5,4,1,15,0,0,0.00124264284307277,0.00169845396087974,0.173325950775255,0.67021404535929,-0.257786474212482,0,1
5,4,1,16,0,0,0.000756865669682935,0.00137004840618285,0.0966173998641494,0.430991192861909,0.00812888847009317,0,1
5,5,1,1,0,0,0.00100528555673011,0.00178479201768393,0.2012292863007,0.132584798173547,0.249447204117409,0,1
5,5,1,2,0,0,0.000703415096274657,0.000854558509966737,0.23991802849263,0.778253485371215,0.269128547207762,0,1
5,5,1,3,0,0,0.000900780884385258,0.0016285539995865,0.20792498242706,0.319909018839189,0.24972416320564,0,1
5,5,1,4,0,0,0.00110564546302995,0.00167106390594924,0.116387309722578,0.469037479955324,0.32925617728369,0,1
5,5,1,5,0,0,0.00112771808556064,0.00202102614618675,0.0852066574691551,0.374873703886689,0.214364857262404,0,1
5,5,1,6,0,0,0.00197090093277914,0.00286441336949767,0.112937956473388,0.618992557642367,0.355409856745013,0,1
5,5,1,7,0,0,0.00114054546217629,0.00176511516509846,0.225492830208671,0.733130467568478,0.593943410757977,0,1
5,5,1,8,0,0,0.00309451652452724,0.00493346056411241,0.125781840272204,0.673678474320937,0.399145647704999,0,1
5,5,1,9,0,0,0.000967104971124987,0.00158681297371038,0.194672552240317,0.490358606156183,0.458363177806533,0,1
5,5,1,10,0,0,0.00177489950839212,0.0028144428637806,0.168824813671813,0.574521189740696,0.516772054371077,0,1
5,5,1,11,0,0,0.000889178920722294,0.00151566974908443,0.120405738086365,0.0617383553003841,0.247718088023058,0,1
5,5,1,12,0,0,0.00153584320490492,0.0021492431768243,0.102656863081806,0.326652578969113,0.357318372732207,0,1
5,5,1,13,0,0,0.00149649893189869,0.00189222536168112,0.121887149952745,0.247401230654889,0.217971754867993,0,1
5,5,1,14,0,0,0.00131903800833818,0.00174328144793668,0.0793825553146665,0.515796968473269,0.401830208804938,0,1
5,5,1,15,0,0,0.00160467410103891,0.0033281770976532,0.17979101761095,0.558599485991207,0.4428426892262,0,1
5,5,1,16,0,0,0.000575080690055479,0.00165236382656875,0.0997974033903572,-0.227317133936389,-0.403883986985139,0,1
5,6,1,1,0,0,0.00361214138651609,0.00415743653439575,0.202285121945227,0.353284091586015,0.0503394617720795,0,1
5,6,1,2,0,0,0.000723949985453057,0.000686934372405288,0.252916120255371,0.906095831467536,0.627798408003959,0,1
5,6,1,3,0,0,0.00269629421492334,0.00285668665883859,0.211274180716885,-0.154428504059723,-0.252083630986039,0,1
5,6,1,4,0,0,0.00363977757882344,0.00250936304638716,0.116634793418084,-0.299134810864045,-0.145681749963308,0,1
5,6,1,5,0,0,0.000925058952459303,0.00214146214081202,0.0856960036727372,-0.621798716139412,-0.670802428729034,0,1
5,6,1,6,0,0,0.0039585139916032,0.00491037811906806,0.111814149437177,-0.367546184528868,-0.452514758350374,0,1
5,6,1,7,0,0,0.00163756207960447,0.00128547669382844,0.225925583221744,-0.686559364838248,-0.56911363354808,0,1
5,6,1,8,0,0,0.00411467959370561,0.00576585993049468,0.129250048706152,-0.390493690997271,-0.519030128729301,0,1
5,6,1,9,0,0,0.00114152415513405,0.00225913865761569,0.20051326468397,0.236237408353027,-0.40793173742202,0,1
5,6,1,10,0,0,0.00149835421588039,0.00265928712082867,0.173037270905526,0.186810298991231,-0.44238292872442,0,1
5,6,1,11,0,0,0.00117731121085373,8.30146614489583e-05,0.122993537107567,-0.246198543064942,-0.742110286388741,0,1
5,6,1,12,0,0,0.0012030975339677,0.00208470472308762,0.104587986899249,-0.287642817594897,-0.479824256832432,0,1
5,6,1,13,0,0,0.000713887605543669,0.00150895755690914,0.125289097290914,-0.098820571836036,-0.609767190146097,0,1
5,6,1,14,0,0,0.00193249392204565,0.0022787329357904,0.0819409141834351,-0.719407616394151,-0.757937030528869,0,1
5,6,1,15,0,0,0.0010286975661725,0.00166982793371192,0.179390955719478,0.376049041556131,-0.6026563835872,0,1
5,6,1,16,0,0,0.000889593734299836,0.000933254996381726,0.102494946613746,-0.709061593398771,-0.627546434724666,0,1
5,7,2,1,0,0,0.00315436306721978,0.00524315873561572,0.200837476268129,0.135248843946929,0.28677878268919,0,1
5,7,2,2,0,0,0.00237080633688862,0.00234591854524547,0.234241079651421,0.44716058163603,0.962182391599966,0,1
5,7,2,3,0,0,0.0022027287096447,0.00277923117906026,0.203900330381299,0.359431886037253,0.582131533345157,0,1
5,7,2,4,0,0,0.00295951003109749,0.00323391025689363,0.114692799425191,0.0640191286407246,0.72642914132977,0,1
5,7,2,5,0,0,0.00181792598825491,0.00273092713302471,0.0844909811396903,0.552071273427708,0.559653859291012,0,1
5,7,2,6,0,0,0.00525865578066779,0.0077148866817893,0.11323848010147,0.482719991153505,0.668038958001473,0,1
5,7,2,7,0,0,0.00162798830079509,0.00290597522461778,0.226100071718622,0.363030443763098,0.406742620532907,0,1
5,7,2,8,0,0,0.00668211286215083,0.0107957816358238,0.124333360833498,0.70375053313814,0.844644327888469,0.0390625,1
5,7,2,9,0,0,0.00217012063305323,0.00323619968092859,0.192922884709812,0.0619350535141064,0.117721204421503,0,1
5,7,2,10,0,0,0.00359536684544233,0.00665678772632828,0.168723785690443,0.786676380983683,0.841561452533417,0,1
5,7,2,11,0,0,0.00206176183922478,0.00268598998214565,0.118920687288585,0.726373536211184,0.832792669306507,0,1
5,7,2,12,0,0,0.0034146321964786,0.0063902452094964,0.103329357666256,0.226850626830372,0.852853413985386,0,1
5,7,2,13,0,0,0.00256046474754601,0.00433185482920284,0.122818829343717,0.330192034436115,0.808848820926779,0,1
5,7,2,14,0,0,0.00353602969233745,0.00705328958706059,0.0801303468167879,-0.180024657296608,0.115470029224408,0,1
5,7,2,15,0,0,0.00199160549724742,0.00390956087713566,0.184482362197562,-0.765492720817447,-0.605634303780527,0,1
5,7,2,16,0,0,0.00214165468267945,0.00455921591426493,0.101368627917455,-0.0276826486677945,0.46972801617329,0,1
5,8,2,1,0,0,0.00137904413255396,0.00165033047105947,0.202494304644586,0.454900005168861,-0.0471279059770779,0,1
5,8,2,2,0,0,0.00147183254791011,0.00135967992215773,0.26457939902387,0.848538253950831,0.312116272598001,0,1
5,8,2,3,0,0,0.00103392656126612,0.00143733649159398,0.211057901945707,0.580076017154951,-0.122767146288564,0,1
5,8,2,4,0,0,0.00126633441919127,0.00130064312266611,0.120370749343766,0.44634380844984,-0.268873275959123,0,1
5,8,2,5,0,0,0.00110415915385276,0.00267751019238778,0.0864232576369598,0.56403703885476,0.241096262807356,0,1
5,8,2,6,0,0,0.00153493732745308,0.00265949968482739,0.116984791312109,0.102554334712405,-0.466937767074728,0,1
5,8,2,7,0,0,0.00126095202106984,0.00259895812803283,0.227632135987084,0.334289675466895,0.0100173543725804,0,1
5,8,2,8,0,0,0.00305829704448783,0.00624640097797048,0.132712784970446,-0.269462158932319,-0.4176178066212,0,1
5,8,2,9,0,0,0.00135420817035547,0.00242247546214479,0.19724464253623,0.0204685802051713,-0.475489650306584,0,1
5,8,2,10,0,0,0.0020968570202659,0.0041871003728317,0.176825148317034,-0.209855712093362,-0.508691100178482,0,1
5,8,2,11,0,0,0.000722819999865881,0.00169459438835262,0.125284450159418,0.1763836201389,-0.5298315756864,0,1
5,8,2,12,0,0,0.00180691630632627,0.00345013944586899,0.105319612235726,-0.311426474507743,-0.628606124498443,0,1
5,8,2,13,0,0,0.000994100265257597,0.00291473694217162,0.12836129037154,0.0238001437939757,-0.547705822290635,0,1
5,8,2,14,0,0,0.00121043588809405,0.00277768956000421,0.0821982261139873,0.419943867678476,-0.190121639719761,0,1
5,8,2,15,0,0,0.0012238043681075,0.00130209646680629,0.189138966690075,0.76512284568393,0.184738266140543,0,1
5,8,2,16,0,0,0.00165408272192085,0.00238462470402843,0.102008002401243,0.341363609560072,-0.541734917451142,0,1
5,9,2,1,0,0,0.000849901227989642,0.0042638884927521,0.201746247833973,0.38823725670685,0.163876283563162,0,1
5,9,2,2,0,0,0.00063313844796265,0.0026303868657114,0.239724266085047,0.891786390750812,0.778206348554516,0,1
5,9,2,3,0,0,0.000921051358811269,0.00480639815921067,0.210209191120557,0.762965705961515,0.390933809903016,0,1
5,9,2,4,0,0,0.000908034538200075,0.00408902238134858,0.114873889634192,0.554444093879426,0.646590923301661,0,1
5,9,2,5,0,0,0.00187847289799057,0.00294610742603773,0.0853402506091232,-0.00955550346705102,-0.0674919085513579,0,1
5,9,2,6,0,0,0.00389031493029356,0.00566286041448091,0.110500621624367,-0.378636836168193,-0.287483449127411,0,1
5,9,2,7,0,0,0.00107858489604268,0.00168272617656148,0.228270280875078,-0.336247775023,-0.373429628288704,0,1
5,9,2,8,0,0,0.00473902670920249,0.00680147102921956,0.128044504307904,-0.217310639641591,-0.280115621474728,0,1
5,9,2,9,0,0,0.00154309393815505,0.00287915108662016,0.200986968074339,-0.161662125564413,-0.31998203072254,0,1
5,9,2,10,0,0,0.0020731614486989,0.00417269155939577,0.172749529320566,-0.0226195742758843,-0.369586999160688,0,1
5,9,2,11,0,0,0.00113910266782796,0.00109487266065308,0.12165970458811,0.655557220338261,0.226131851434155,0,1
5,9,2,12,0,0,0.00168475724764172,0.00324156103584717,0.1058186968898,-0.516849146478365,-0.512978747170935,0,1
5,9,2,13,0,0,0.00270062270901795,0.0029330983420076,0.126063792157344,-0.854851371070225,-0.915857817787514,0,1
5,9,2,14,0,0,0.00287262785870671,0.00398880948045455,0.082288608527046,-0.798488991660856,-0.774310426966683,0,1
5,9,2,15,0,0,0.00240143275455047,0.00270012855235306,0.177599318796345,-0.826453648089475,-0.799007487656006,0,1
5,9,2,16,0,0,0.00197738574935942,0.00401730418770046,0.102020676378743,-0.61234378044446,0.00500255799236731,0,1
5,10,3,1,0,0,0.00252636339205904,0.0023073002128505,0.195426020503727,-0.294146932597354,0.122863094043286,0,1
5,10,3,2,0,0,0.000778914675430514,0.00159542487920535,0.237162388589731,0.988744181115952,0.814210273953841,0,1
5,10,3,3,0,0,0.00217502689224417,0.00214849702684584,0.201283876919912,0.357168458878925,0.17366194564147,0,1
5,10,3,4,0,0,0.00119351777917918,0.00060725715634278,0.113833435570457,0.813495055274456,0.562122106811789,0,1
5,10,3,5,0,0,0.000208792848554916,0.000821019218572657,0.0848277671567609,0.12211359115136,0.0712327331122754,0,1
5,10,3,6,0,0,0.000462385742579286,0.00148810531210845,0.113021234868342,0.773431228159304,0.510809461760237,0,1
5,10,3,7,0,0,0.00158876679750706,0.00405785942188219,0.223697411534554,-0.482847427915677,-0.379383685368102,0,1
5,10,3,8,0,0,0.0001445837839089,0.000460019728488478,0.120404077679222,0.745154899322231,0.574175670951478,0,1
5,10,3,9,0,0,0.00313722660164639,0.0032415017852643,0.191925639222741,-0.226033819572448,-0.257972867017701,0,1
5,10,3,10,0,0,0.000959452033461264,0.000669845038131471,0.166023210072562,0.483545544472468,0.280262344840549,0,1
5,10,3,11,0,0,0.00159195787326859,0.00122813755659635,0.122397487332741,-0.166887937440273,-0.408797323240824,0,1
5,10,3,12,0,0,0.00141174478107169,0.000977585625267031,0.10141979327179,0.180481526446149,0.168461749474144,0,1
5,10,3,13,0,0,0.00252392938521971,0.00370892961802366,0.117764725220896,0.0629021218150287,-0.168685025475695,0,1
5,10,3,14,0,0,0.00187740431098546,0.00234601061617428,0.0757421304433745,-0.0257751821801951,0.124207210749611,0,1
5,10,3,15,0,0,0.000773226491843084,0.00264988961000091,0.179643120396143,0.849707069887905,0.420885892654503,0,1
5,10,3,16,0,0,0.000600244759379412,0.000450091920631775,0.0966966063947245,0.469438715121784,0.5274972822161,0,1
5,11,3,1,0,0,0.00466746377667922,0.00668177996426334,0.201905280982977,0.0302401745929802,-0.0558162670102116,0,1
5,11,3,2,0,0,0.00442293687051303,0.00555690514080648,0.261760294142927,0.621233887164349,0.0266345141630039,0,1
5,11,3,3,0,0,0.00418586691636504,0.0063723517453058,0.21021640590057,-0.157862777088445,-0.220116626035031,0,1
5,11,3,4,0,0,0.00602106967301025,0.00766624099575965,0.119505017881917,0.327800569651144,-0.0327397201603278,0,1
5,11,3,5,0,0,0.00257149552895135,0.00444458774926198,0.0861288689165647,0.171485210024099,0.0607617660298749,0,1
5,11,3,6,0,0,0.00657748169053523,0.00933074325028767,0.115930563958041,-0.148412197620852,-0.169581334931334,0,1
5,11,3,7,0,0,0.00359321391853154,0.00734176108434003,0.227360277560819,0.058500329331247,-0.244702424858578,0,1
5,11,3,8,0,0,0.00865947066213153,0.0129618869303713,0.132705628061201,0.0606764440814114,0.142697379743573,0,1
5,11,3,9,0,0,0.0030644182172239,0.00616617994307805,0.197330042262093,0.350252282550976,0.353951068064731,0,1
5,11,3,10,0,0,0.00419747889410782,0.00797148765060224,0.17702078687572,0.36294287103477,0.251973883109359,0,1
5,11,3,11,0,0,0.00107408128791072,0.00324437534488592,0.124369197885068,0.00647569158676386,0.0901879939955871,0,1
5,11,3,12,0,0,0.00252972337176387,0.00565296765878934,0.105771933029961,0.161066349956602,0.0404251095681914,0,1
5,11,3,13,0,0,0.00264954580830734,0.00348927200276853,0.128004867221074,0.0501864388829292,0.071640266382369,0,1
5,11,3,14,0,0,0.00433187601328836,0.00647965245669498,0.082513575947226,0.090569072972673,-0.0136092808696497,0,1
5,11,3,15,0,0,0.00195837939593635,0.00308735340067888,0.186122723919476,0.26074803843651,-0.0822949217938013,0,1
5,11,3,16,0,0,0.00232765540849636,0.00467642199509177,0.103143262847586,-0.0992856877646412,0.076735677959128,0,1
5,12,3,1,0,0,0.00281103950379053,0.00380033052923306,0.202920573831179,-0.0823091063372143,0.217438419186641,0,1
5,12,3,2,0,0,0.00185243025677211,0.00220841427531354,0.267669636789631,0.692932695954006,0.321511913678865,0,1
5,12,3,3,0,0,0.00236375738113722,0.00342015368807806,0.214751340352303,0.153836939801878,0.228064919352942,0,1
5,12,3,4,0,0,0.00211663532317608,0.00171851485625944,0.120115718050343,0.246210767724008,0.0498260500280814,0,1
5,12,3,5,0,0,0.00256162318158053,0.00361876366563567,0.0873683246441721,-0.0217377472788367,-0.0236792887089909,0,1
5,12,3,6,0,0,0.00342462920314176,0.00460524369763738,0.116149647633338,0.153272445489232,0.0546538567132427,0,1
5,12,3,7,0,0,0.0031894313001849,0.00529701652757153,0.230093041744057,0.208481640638832,0.110079135811489,0,1
5,12,3,8,0,0,0.00453618547912573,0.0068933140729399,0.135630915557108,0.355088940553438,0.360941728282591,0,1
5,12,3,9,0,0,0.00169954747392603,0.00179495363620758,0.204028724569459,0.299888369635275,0.23498044290958,0,1
5,12,3,10,0,0,0.00189951160570683,0.00331677764445322,0.179175634345167,0.604494411383469,0.536229637756955,0,1
5,12,3,11,0,0,0.00105818767131192,0.000946146457025973,0.126507225827314,0.37329734233609,0.357934142300244,0,1
5,12,3,12,0,0,0.00214740643191219,0.00338042456959243,0.107497619315487,0.168931727385806,0.324948520718432,0,1
5,12,3,13,0,0,0.00251315829518732,0.00319294263997068,0.130648018319153,0.195063309718415,0.091929406865216,0,1
5,12,3,14,0,0,0.00242392153573682,0.00354247351701906,0.0842954225874257,0.0965506875854793,-0.0635624421215424,0,1
5,12,3,15,0,0,0.00195500021013013,0.00278891252874873,0.18860475347656,0.333488473767118,-0.127664431203865,0,1
5,12,3,16,0,0,0.000408811800112344,0.00030332527980043,0.105223654888102,0.30943575137334,-0.557769288775594,0,1
6,4,1,1,0,0,0.00168903168377399,0.00290265252207993,0.141166174369076,-0.275103698926848,-0.216172646795922,0,1
6,4,1,2,0,0,0.00219879572131748,0.00397083583326308,0.16022839210939,-0.163528313263471,-0.102537347971675,0,1
6,4,1,3,0,0,0.00175607774934536,0.00295526432287753,0.148223033725594,-0.522390774178597,-0.466348884426777,0,1
6,4,1,4,0,0,0.00142168906929054,0.00249930714509594,0.0949853724482631,0.523973739732304,0.524325690477452,0,1
6,4,1,5,0,0,0.00126533665184565,0.00212201760839456,0.127408456967993,-0.661660512754255,-0.6591193504992,0,1
6,4,1,6,0,0,0.00098076099767978,0.00199152514861522,0.0998876554876608,0.551438103239687,0.562033451781239,0,1
6,4,1,7,0,0,0.00191934095217142,0.00325020897219345,0.109319216428713,-0.7914101318046,-0.7058417767029,0,1
6,4,1,8,0,0,0.00100858224839171,0.00163883005025799,0.131191138112939,-0.681066627904713,-0.69261239217397,0,1
6,4,1,9,0,0,0.00234822228257132,0.00412470310944326,0.145223942927922,-0.479296261380432,-0.551784456944742,0,1
6,4,1,10,0,0,0.00138383343116012,0.00300897476875831,0.0976258323112074,-0.568518696096566,-0.562764728533303,0,1
6,4,1,11,0,0,0.00132258008392488,0.00234629170039595,0.145314916226605,-0.431095610783425,-0.55862497287276,0,1
6,4,1,12,0,0,0.0022268507294786,0.00429699747078548,0.0857730392309051,-0.289037516914936,-0.228408530731778,0,1
6,4,1,13,0,0,0.00156310142111803,0.00182988686114522,0.131411747426988,0.129825727962899,-0.28226093429422,0,1
6,4,1,14,0,0,0.00321566393725679,0.00415644842274757,0.0637429107550131,-0.220003513397366,-0.196708591787348,0,1
6,4,1,15,0,0,0.00165531539552366,0.00218243307594977,0.0969649670182046,-0.280649527169077,-0.567179995490557,0,1
6,4,1,16,0,0,0.000880895630155767,0.0019834124949323,0.0981232650828969,-0.507184942543668,-0.397321545929388,0,1
6,5,1,1,0,0,0.000537278294041119,0.000949380197338911,0.142311712564142,0.696687652243995,0.733875980197086,0,1
6,5,1,2,0,0,0.000181661317976278,0.000657750982070589,0.155926782353794,0.709327234865379,0.720785674105699,0,1
6,5,1,3,0,0,0.000570361968178009,0.000832855948400971,0.156075009494865,0.628870191232803,0.683082001783584,0,1
6,5,1,4,0,0,0.00113908895737795,0.00134653279181745,0.0928319303231518,0.614696874090443,0.679488820673908,0,1
6,5,1,5,0,0,0.000534414859277812,0.000292712665515454,0.125471159838754,0.47736774581555,0.509826025491559,0,1
6,5,1,6,0,0,0.000768867594197626,0.00131611256461947,0.0991080642240195,0.678900894400612,0.679360582297858,0,1
6,5,1,7,0,0,0.000196911871185034,0.000368259659831282,0.101945460741877,0.628942980508609,0.742304988834585,0,1
6,5,1,8,0,0,0.000569885798579947,0.00185076771361236,0.125698907484361,0.573765944320712,0.483062867752344,0,1
6,5,1,9,0,0,0.00157796287127026,0.00149305240355342,0.148793749528834,0.817830940926853,0.874064093813917,0,1
6,5,1,10,0,0,0.000887102892303221,0.00191137546543177,0.0967862446708784,0.619540003275416,0.433736799226087,0,1
6,5,1,11,0,0,0.000161760735844831,0.00095232225495858,0.148603197543464,0.65614859023507,-0.00400183536185248,0,1
6,5,1,12,0,0,0.000567974444043817,0.00166230294321182,0.0879435524934829,0.674138813309886,0.721379061579284,0,1
6,5,1,13,0,0,0.000814229842705964,0.00159756703095958,0.140222872919474,0.322500101509353,0.337898481965946,0,1
6,5,1,14,0,0,0.000542202988295357,0.00175320052278539,0.0681141495227074,-0.288936549402117,0.46899312281762,0,1
6,5,1,15,0,0,0.00147413713877208,0.00209630647549933,0.100382002939945,0.880699578340852,0.864470710889594,0,1
6,5,1,16,0,0,0.000620064199433765,0.00086228670636159,0.10112467195619,0.111585877777081,0.291801782673667,0,1
6,6,1,1,0,0,0.00087322415542885,0.0043703510331724,0.137036647326628,-0.00680294628075928,-0.537418234877144,0,1
6,6,1,2,0,0,0.000902975497826795,0.00393421296749443,0.128429862004172,0.722038865996233,-0.317561686130063,0,1
6,6,1,3,0,0,0.00128844147712878,0.00422029278820996,0.150180637211286,0.810097668606621,0.194658623121633,0,1
6,6,1,4,0,0,0.000578329667927683,0.0024966619163041,0.0877553599069371,-0.244032903289172,-0.530989401372767,0,1
6,6,1,5,0,0,0.000508760408885431,0.00109200354683987,0.114833022313348,0.293304705723178,-0.397681598891781,0,1
6,6,1,6,0,0,0.000271559740977411,0.000985347015555169,0.0958691000277988,-0.24050324288743,-0.56802908021135,0,1
6,6,1,7,0,0,0.000586808725668408,0.00199644878770672,0.0928982797790623,0.24696885941813,-0.262262021052893,0,1
6,6,1,8,0,0,0.00024237927326927,0.000298918964438333,0.112608187264106,0.593150019437726,-0.108430947340852,0,1
6,6,1,9,0,0,0.000485446461278447,0.00219421530900729,0.145826464565605,0.798987473220349,-0.21864108131232,0,1
6,6,1,10,0,0,0.000280394654305516,0.000551494157797568,0.0869401865347934,0.79708289400415,-0.00433469753933569,0,1
6,6,1,11,0,0,0.00010497370644104,0.00179498863207674,0.138199911865461,0.933409518934517,0.418157693064168,0,1
6,6,1,12,0,0,0.000500616649702276,0.00127863532269089,0.089233389473695,0.750668552515558,0.166247362941166,0,1
6,6,1,13,0,0,0.000194272142970345,0.00178177376134743,0.128671712285488,0.904821577124853,0.264148043851441,0,1
6,6,1,14,0,0,0.0008207179686517,0.00173768221483784,0.0687296720267033,0.428093321069857,-0.217128974929209,0,1
6,6,1,15,0,0,0.000186288700987697,0.00184257383234674,0.0981214166038711,0.71837002199217,-0.300940396416182,0,1
6,6,1,16,0,0,0.000156118410654761,0.00182961968559249,0.0985644249221575,0.778608898794311,-0.196588947620876,0,1
6,7,2,1,0,0,0.00209718717041294,0.00542151632567346,0.143567124651896,0.795703380049007,0.759525583515359,0,1
6,7,2,2,0,0,0.000649344958014468,0.00196387495345476,0.159139049876933,0.889125538986548,0.852333504673918,0,1
6,7,2,3,0,0,0.00348451801473122,0.00628720709782687,0.153471242525602,0.873903409133801,0.74597869568371,0,1
6,7,2,4,0,0,0.000705225697398584,0.0012777684119397,0.0945726480975219,0.42721205805387,0.596531370799929,0,1
6,7,2,5,0,0,0.00157613725325263,0.00419072195617883,0.127934024622034,0.842668536723447,0.660663171192302,0,1
6,7,2,6,0,0,0.000866460037279369,0.00147492159404286,0.100290231579682,0.730977272667225,0.784648490353822,0,1
6,7,2,7,0,0,0.00230262358495985,0.00273339835820037,0.105370707201199,-0.318703685716817,0.134182408036055,0,1
6,7,2,8,0,0,0.000740698243047246,0.0028134002178723,0.128909870975379,0.757267787386099,0.516416919508507,0,1
6,7,2,9,0,0,0.000876640647545166,0.00369794713218452,0.146529447891698,0.682802957034066,0.340965695336675,0,1
6,7,2,10,0,0,0.000825121984288962,0.00204082744409338,0.0972405719557451,0.755817884858541,0.578076262710889,0,1
6,7,2,11,0,0,0.000970352591320247,0.00276506056697298,0.147741387616576,0.90334153754374,0.514324971842323,0,1
6,7,2,12,0,0,0.00151772081048255,0.00165626914963205,0.0858623905885624,0.780363434024813,0.613347200676262,0,1
6,7,2,13,0,0,0.00105607731803536,0.00224732843101942,0.136497634219586,0.970471732902036,0.845695812876834,0,1
6,7,2,14,0,0,0.000924715186574278,0.00330447761444102,0.0651080439555286,0.44588072055813,0.396560447184534,0,1
6,7,2,15,0,0,0.000653686695503458,0.00196272501955051,0.0982059846651921,0.6532802243772,0.700391145382687,0,1
6,7,2,16,0,0,0.000334588746809468,0.00281483631836809,0.0993649131760344,0.654726009586096,0.664909370244976,0,1
6,8,2,1,0,0,0.00103223706480177,0.000190174408961144,0.14073530202224,0.453370317467276,0.408614485494075,0,1
6,8,2,2,0,0,0.00125587778339343,0.000616653723140077,0.151388604059125,0.90952379702053,0.753053125411279,0,1
6,8,2,3,0,0,0.000865079350127968,0.000322753927024881,0.155013592499061,0.878619991185411,0.675996642398586,0,1
6,8,2,4,0,0,0.000797824935518185,0.00159232710678355,0.0917135851960032,0.417214950361625,0.563558427646069,0,1
6,8,2,5,0,0,0.00021758748653118,0.000906545420017709,0.123275183220127,0.824814392296795,0.682993695129233,0,1
6,8,2,6,0,0,0.000615248429097647,0.00169236294854637,0.0979869436860089,0.553802275259477,0.609751030323344,0,1
6,8,2,7,0,0,0.000905305826381171,0.000545333998073381,0.0989435853292222,-0.0777157540201004,-0.282757482419128,0,1
6,8,2,8,0,0,9.64635956197005e-05,0.000876865902477928,0.123365847793586,0.840986673555351,0.725737456905338,0,1
6,8,2,9,0,0,0.00155635671515654,0.00159436096044309,0.146806575571685,0.731204704721917,0.524137803656184,0,1
6,8,2,10,0,0,0.00125259290565644,0.00125808755336562,0.0946929472499163,0.73740458492195,0.660176080736544,0,1
6,8,2,11,0,0,0.0010145207919159,0.00161899843942044,0.146768801313789,0.921358115084594,0.675856010449496,0,1
6,8,2,12,0,0,0.000743169997945897,0.00242959828286464,0.0874772436208328,0.581753237782886,0.643292475672007,0,1
6,8,2,13,0,0,0.00025685241113932,0.000976891840219457,0.139480099294143,0.918404355017021,0.774089726283904,0,1
6,8,2,14,0,0,0.000321361556842543,0.00160901299839668,0.0681996926797455,0.696587384892199,0.651045166585274,0,1
6,8,2,15,0,0,0.000535254387361654,0.000536096664441952,0.100747888805458,0.590786824117496,0.534218732708771,0,1
6,8,2,16,0,0,0.000854547775530134,0.000279025269890291,0.101277955174688,0.627545087291063,0.548286532401547,0,1
6,9,2,1,0,0,0.000786785489387079,7.01161822786257e-05,0.143367907946347,0.737842946166868,0.563399068235956,0,1
6,9,2,2,0,0,0.000957392948534556,0.00035071943395003,0.149997408394357,0.935488278275837,0.710318861367668,0,1
6,9,2,3,0,0,0.000826554360755464,0.00105495309646095,0.162318485386186,0.864428446897511,0.693129887178297,0,1
6,9,2,4,0,0,0.000966176925058966,0.000661142148736918,0.09308679684679,0.391331507968412,0.229494157161828,0,1
6,9,2,5,0,0,0.00092416969808584,0.00288745542145514,0.12540849784998,0.73823624758752,0.659192163503541,0,1
6,9,2,6,0,0,0.000385351540134349,0.00192541014286592,0.101554375224687,0.434647625989542,0.48959358562402,0,1
6,9,2,7,0,0,0.00393901568478388,0.0048065515007551,0.0979729836891251,-0.313602907683903,0.234874697363819,0,1
6,9,2,8,0,0,0.0013498920585347,0.00256930193575325,0.124456668858216,0.788047529955262,0.778751181237498,0,1
6,9,2,9,0,0,0.00261169748252627,0.00296574648920561,0.150249929785613,0.340998475263923,0.772520150594491,0,1
6,9,2,10,0,0,0.00084302573453461,0.00171449269451785,0.0948521914953514,0.584065583821591,0.77474494500747,0,1
6,9,2,11,0,0,0.000274265207131694,0.000658908628979704,0.149677595418138,0.626959997511156,0.813940897333699,0,1
6,9,2,12,0,0,0.000484598115498024,0.00167591268055996,0.090563657673072,0.138932853107245,0.525212517370404,0,1
6,9,2,13,0,0,0.00143412028729521,0.000702909124603429,0.139560480037119,0.566037573946557,0.602466232967658,0,1
6,9,2,14,0,0,0.00116550207297729,0.00142846110156667,0.0700165249946752,0.259708426337035,0.370341422535096,0,1
6,9,2,15,0,0,0.00126385830364737,0.00111723590980611,0.100435821628025,0.414160381613926,0.654095539112311,0,1
6,9,2,16,0,0,0.000380119990154049,0.000650852176933546,0.101297590813424,0.288771505161071,0.703974441738811,0,1
6,10,3,1,0,0,0.00153181539987468,0.00173702445382001,0.13898913489475,0.839342881345193,0.859761540432204,0,1
6,10,3,2,0,0,0.0016039149424696,0.00300163634829555,0.163575106521822,0.93606925223113,0.956583007161249,0,1
6,10,3,3,0,0,0.00171847767212254,0.0016873026117545,0.147247451139809,0.854480600434199,0.80959694883167,0,1
6,10,3,4,0,0,0.00311673756643271,0.00232847271835368,0.0959158058984109,0.682558311425491,0.729644554688596,0,1
6,10,3,5,0,0,0.000770141036294235,0.00347366284307175,0.128747131336086,0.849251840160849,0.845188576269581,0,1
6,10,3,6,0,0,0.00274581671335562,0.00461272646225666,0.101100177455131,0.925978498643086,0.917065781782473,0,1
6,10,3,7,0,0,0.000635098194465449,0.00326879725829045,0.111432131461005,0.703974406757977,0.667103876087087,0,1
6,10,3,8,0,0,0.00244791121594427,0.00476644775302166,0.136025064357147,0.146440738214934,0.213037648182752,0,1
6,10,3,9,0,0,0.00597752720499342,0.0101130433735326,0.148789756604962,0.954552027882772,0.950211843053051,0,1
6,10,3,10,0,0,0.00460745754956058,0.00930303838807743,0.100354546449722,0.719400568043108,0.727535648189627,0,1
6,10,3,11,0,0,0.000945188826597891,0.00324066137889023,0.146951366990314,0.183618065385223,0.109705012729325,0,1
6,10,3,12,0,0,0.00500346707960659,0.0101821088101242,0.0860287839836732,0.634391241669949,0.796123122780699,0,1
6,10,3,13,0,0,0.000428354811785528,0.00163960244470527,0.131444431611442,0.0234395139255412,-0.13578476055983,0,1
6,10,3,14,0,0,0.00153680433201082,0.00339764383486423,0.0632029752748058,0.0279895870055832,0.465593131040279,0,1
6,10,3,15,0,0,0.000530012734463257,0.00236517393985706,0.0970360279112054,NaN,NaN,0,1
6,10,3,16,0,0,0.00136924566987013,0.000528901615619955,0.0983069151520569,0.188811837050102,0.112023876186623,0,1
6,11,3,1,0,0,0.00289960693945686,0.00341518159598934,0.138240321755767,0.247868498034415,0.147513979301414,0,1
6,11,3,2,0,0,0.00165672625999899,0.00134920473709466,0.130364869867735,0.447287917031821,0.0387296315255226,0,1
6,11,3,3,0,0,0.00225816820276233,0.0024088978895177,0.145871352296641,0.0752493814799614,-0.0609541759083042,0,1
6,11,3,4,0,0,0.00391030022021152,0.00442419845058949,0.0892232666779054,0.3927769761459,0.318414412111181,0,1
6,11,3,5,0,0,0.00194711532057607,0.00199634801650653,0.11269515792226,0.00164739282949223,-0.100071502639207,0,1
6,11,3,6,0,0,0.00347133888621206,0.00401447355448883,0.0950617548264546,0.34616252201296,0.343986366626865,0,1
6,11,3,7,0,0,0.00204830130752179,0.00181592722120876,0.0925882662592237,0.0509828165312951,0.0913298458748122,0,1
6,11,3,8,0,0,0.00253698439890989,0.0028600450820272,0.112149843006307,0.433935307419747,0.465203499432123,0,1
6,11,3,9,0,0,0.00386262509300394,0.00432216758609022,0.143129985103431,0.364307623658253,0.00978370794221013,0,1
6,11,3,10,0,0,0.00376268349860851,0.00499109044704849,0.0862002178772232,0.477190648131575,0.359637166137228,0,1
6,11,3,11,0,0,0.00330754535295741,0.00332955851771779,0.134456022046988,0.181199351885836,-0.111883260677751,0,1
6,11,3,12,0,0,0.0047936247047873,0.00623741824152571,0.0869526786924787,0.515329300007531,0.410742081594548,0,1
6,11,3,13,0,0,0.0015793885392704,0.00191668988938184,0.126770270694171,0.243350126622622,-0.123965462941758,0,1
6,11,3,14,0,0,0.00280415170080476,0.00458637773552341,0.0674284669958288,0.0496829721913724,0.140273918622583,0,1
6,11,3,15,0,0,0.00175184661379925,0.00321624047067728,0.0979936857181297,0.0489100750057137,0.122806512570515,0,1
6,11,3,16,0,0,0.00164207971044927,0.00317708089815869,0.0983548518070591,0.198509580102327,0.224225712069435,0,1
6,12,3,1,0,0,0.00351870936799176,0.00639850176564703,0.139267639630771,0.884132258067723,0.556578266607452,0,1
6,12,3,2,0,0,0.00208839044775013,0.00329086405887567,0.133282806084803,0.976157916833107,0.667298811102557,0,1
6,12,3,3,0,0,0.00248502735846071,0.00529304681796977,0.154317515734134,0.96124501616844,0.775026775537871,0,1
6,12,3,4,0,0,0.00177624520312785,0.00304829836261999,0.089630723520705,0.462207447220888,-0.383804193921767,0,1
6,12,3,5,0,0,0.00296475732402608,0.00530867983823221,0.116348961098925,0.962481503300243,0.846657988372472,0,1
6,12,3,6,0,0,0.00291601685377845,0.0047414855164544,0.0970531063510877,0.903743999028813,0.168436949468508,0,1
6,12,3,7,0,0,0.0028001628016914,0.00488916661379938,0.0916199740157587,0.967442208797491,0.959891866537511,0,1
6,12,3,8,0,0,0.00339321503984235,0.00514680752246318,0.114277038249431,0.968047311916545,0.705460791214626,0,1
6,12,3,9,0,0,0.0043696006259165,0.00692872496637933,0.147037482347416,0.953880551737381,0.925957827846624,0,1
6,12,3,10,0,0,0.00369193450834264,0.00624319280392492,0.0887590649037293,0.946031574268024,0.846219559924136,0,1
6,12,3,11,0,0,0.00225780787932771,0.00496001364979227,0.14144192628422,0.953133935163651,0.852855578277666,0,1
6,12,3,12,0,0,0.00407559731553979,0.00676768361228987,0.0906841339830004,0.849698657165154,0.41704343156924,0,1
6,12,3,13,0,0,0.00215708943485442,0.00498716075735947,0.131110601784034,0.92460820267933,0.833324281014432,0,1
6,12,3,14,0,0,0.00409339419989633,0.00747546784707773,0.0693601642878196,0.75483790477694,0.295763329385209,0,1
6,12,3,15,0,0,0.00327272556950447,0.00731404322504534,0.0988057689286366,0.831620450687616,0.750103095832624,0,1
6,12,3,16,0,0,0.00324028997877167,0.00616652725306646,0.100065275018167,0.872032101048122,0.628009136113446,0,1
8,4,1,1,0,0,0.00046800439322175,0.00111771981171239,0.252504748891318,0.228718341658508,0.269816345378886,0,1
8,4,1,2,0,0,0.00110748877907125,0.00228208229597501,0.106079632512366,0.38259314810347,0.095691475779271,0,1
8,4,1,3,0,0,0.000526688758176046,0.00103667807124389,0.0641954542870568,0.432749875816664,0.445509188691333,0,1
8,4,1,4,0,0,0.000874883969963731,0.00185321195394514,0.0639401966313647,0.160915534574252,0.0854695359153569,0,1
8,4,1,5,0,0,0.00112388810520347,0.00230772221394131,0.0651846184994513,0.0487139847164084,0.356207154234551,0,1
8,4,1,6,0,0,0.000820347839794651,0.0016987588772967,0.0872288141225304,0.134591140429319,0.160520294036347,0,1
8,4,1,7,0,0,0.00129918261074409,0.00213172446740331,0.126955274554953,-0.138117053981563,0.257151676515408,0.0234375,1
8,4,1,8,0,0,0.00101446737228626,0.00161560162530505,0.134641760380693,0.731559091474102,0.963134111214856,0,1
8,4,1,9,0,0,0.00151709075777536,0.00161875621630624,0.112528729556256,0.434621660026774,0.532159392220507,0,1
8,4,1,10,0,0,0.0011771450676268,0.00141320942533962,0.229983285504086,0.799260214723277,0.912694412915606,0,1
8,4,1,11,0,0,0.00263187953742149,0.00252619607346556,0.109933688144524,0.855381427693921,0.855571772252883,0,1
8,4,1,12,0,0,0.00135577072423906,0.00168755067513304,0.24473391024136,0.592629048926114,0.688263590075265,0,1
8,4,1,13,0,0,0.00223425680576964,0.00238177344302553,0.08534965529291,0.147532199140303,0.281859215889542,0,1
8,4,1,14,0,0,0.00180926474510118,0.00224028011059673,0.077321786226635,0.676471297415113,0.608937582295207,0,1
8,4,1,15,0,0,0.00150308270480726,0.00176691267907207,0.0947714753034484,0.350181731941058,0.736164321319484,0,1
8,4,1,16,0,0,0.000854634462779674,0.0013623259680475,0.111852373134584,0.205796260184536,0.342185101865381,0,1
8,5,1,1,0,0,0.00223781989149266,0.00526106609320945,0.243776022053657,0.244989555354646,0.237081504969068,0,1
8,5,1,2,0,0,0.00259169004242057,0.00553289494872497,0.108527434544226,0.417041702656689,0.38810067649629,0.0390625,1
8,5,1,3,0,0,0.0024749137299946,0.00499741918125806,0.0677889074466461,0.646700567108332,0.525067525193582,0,1
8,5,1,4,0,0,0.00175108544688177,0.00382376308725393,0.0657884502232102,0.513808704319224,0.384707002104266,0,1
8,5,1,5,0,0,0.00288329204591267,0.00445696151567916,0.0671486711890369,0.342361704106643,0.462983902505633,0,1
8,5,1,6,0,0,0.00302223886897477,0.00442966997625632,0.0890091615801732,0.407661229866747,0.359868957013182,0,1
8,5,1,7,0,0,0.00389604117882846,0.00590737506505209,0.129865779083585,0.62833958950967,0.592311372551546,0.0625,1
8,5,1,8,0,0,0.00403019951439729,0.00599895001944469,0.137483742437649,0.483984461167503,0.539072063896539,0.0625,1
8,5,1,9,0,0,0.00379754796829212,0.0049430191008355,0.110697843948861,0.463814701935174,0.421191781321503,0.015625,1
8,5,1,10,0,0,0.00494182582502089,0.0071927082106866,0.227826230678998,0.416376739441941,0.510787432371186,0.0625,1
8,5,1,11,0,0,0.00313683374519483,0.00485107193266612,0.110415322225985,0.373746712808604,0.394487122717213,0.015625,1
8,5,1,12,0,0,0.0045704102630162,0.00700036582261006,0.235821975211728,0.356752410532171,0.387802725847456,0.0234375,1
8,5,1,13,0,0,0.00256237092943368,0.00544744908214963,0.0845221156275447,0.490145007215365,0.423357939857092,0,1
8,5,1,14,0,0,0.00296822701101951,0.00591091527969154,0.0774315229039883,0.183449803970389,0.160533145942581,0,1
8,5,1,15,0,0,0.00351089785967902,0.00647953479009724,0.0954323012593909,0.306900381098848,0.131833658229546,0,1
8,5,1,16,0,0,0.00434247644909545,0.00803152787763062,0.107000879669646,0.30314558648714,0.248127090366204,0,1
8,6,1,1,0,0,0.000763859536243028,0.00392633629757574,0.241387586620335,-0.00446545510455968,-0.0626763941669551,0,1
8,6,1,2,0,0,0.0010009591122057,0.005766159083652,0.110297596949548,0.888396992036034,0.820841289480427,0,1
8,6,1,3,0,0,0.000410326032720392,0.00342685530617191,0.0691552377305678,0.00864728783710801,-0.29416280824828,0,1
8,6,1,4,0,0,0.000386401264236441,0.00355711094779125,0.0676863451961787,0.885099897352697,0.628251816916616,0,1
8,6,1,5,0,0,0.000909511410022973,0.00414772387794373,0.0666769782933242,-0.514058960856595,-0.164916071893929,0,1
8,6,1,6,0,0,0.000880614097055709,0.00404584423355792,0.0902868354286919,0.725108180602341,0.242590482206523,0,1
8,6,1,7,0,0,0.00126711568832475,0.00574734204546879,0.129812030904135,-0.277094928197014,-0.462037044779858,0,1
8,6,1,8,0,0,0.00142628637562956,0.00505475707140531,0.140271791464609,0.781484829710888,0.834759944154871,0,1
8,6,1,9,0,0,0.00107205237561625,0.00301739494009726,0.110192116442886,0.00206865490006721,-0.181641459934274,0,1
8,6,1,10,0,0,0.00124451953400079,0.0033752275764469,0.23126727406,0.713333098081228,0.717171885681687,0,1
8,6,1,11,0,0,0.0015388137580307,0.00341183044351397,0.107431749975174,0.385694388139406,0.0107589122536958,0,1
8,6,1,12,0,0,0.000761891859886574,0.00201665165053835,0.234599121097091,-0.00821070182972385,0.0138884751722698,0,1
8,6,1,13,0,0,0.00087090412013651,0.00330893580238345,0.0824971974696032,0.361975344295037,-0.352932489568035,0,1
8,6,1,14,0,0,0.000909209303722821,0.0020222320766992,0.0758395074680681,0.439998240315523,0.00181874063558214,0,1
8,6,1,15,0,0,0.000422331277264657,0.00232164678680388,0.0964795209377057,-0.232125455130526,0.344821576530839,0,1
8,6,1,16,0,0,0.00056105010449233,0.00252265563474492,0.105980370913324,-0.319631416785224,-0.366189668928903,0,1
8,7,2,1,0,0,0.00216373255943915,0.00234952188133068,0.249048108767135,0.166665933280919,0.0162634930956558,0,1
8,7,2,2,0,0,0.00480458235111343,0.00551011773458404,0.108950231884569,0.900261642952764,0.931937524476362,0,1
8,7,2,3,0,0,0.00193959105901016,0.00126325967771912,0.0659123963511101,0.29590714675051,0.307818499829002,0,1
8,7,2,4,0,0,0.00215178337266414,0.00227632134274603,0.0655287972874625,0.805240503745788,0.793991535432688,0,1
8,7,2,5,0,0,0.00181640338643955,0.0028043377470841,0.0662293138462254,0.621136933793822,0.614007768225841,0,1
8,7,2,6,0,0,0.00144249852070682,0.00278713733888202,0.0886933928487388,0.939474100178504,0.95885767918611,0,1
8,7,2,7,0,0,0.00308707665761294,0.00475584633914234,0.126574945918069,-0.0206066040819385,-0.028794178897766,0,1
8,7,2,8,0,0,0.00414785296696653,0.00557599172335194,0.135156206912372,0.915153449355064,0.950674962961879,0,1
8,7,2,9,0,0,0.0019332274394794,0.00296635421454394,0.109733024109425,0.228674625189255,0.185544457220808,0,1
8,7,2,10,0,0,0.00411269643559213,0.00571097004428283,0.225519356865333,0.94891729996591,0.954898830196762,0,1
8,7,2,11,0,0,0.00193923381454968,0.00180997753156421,0.109877679260916,0.500190488995082,0.512340205764478,0,1
8,7,2,12,0,0,0.000816465919320725,0.00196052147172564,0.238451688506745,0.939789011029245,0.932273070478651,0,1
8,7,2,13,0,0,0.000439264164822033,0.00139603970139761,0.0845105133769621,0.727008464551094,0.673322476211644,0,1
8,7,2,14,0,0,0.00130605285343997,0.000448925546837046,0.0787089647814447,0.815591954311804,0.891686366854177,0,1
8,7,2,15,0,0,0.000523464649296462,8.63881199189985e-05,0.0954815306189367,0.753744460007427,0.679817035107563,0,1
8,7,2,16,0,0,0.00040565694887559,0.0014909392967855,0.10783103143549,0.92282713889054,0.924306114117561,0,1
8,8,2,1,0,0,0.000887520030663193,0.00285864746535944,0.244019112938137,-0.343719267913391,-0.332853472690583,0,1
8,8,2,2,0,0,0.00292929129326491,0.0059253522887409,0.109031997200897,0.292107361350084,0.4015900312223,0,1
8,8,2,3,0,0,0.000662688835742188,0.00179780812662215,0.0683983109456097,-0.208329063194772,-0.0229328024870196,0,1
8,8,2,4,0,0,0.000762049954344911,0.000838479568068262,0.0668345579477703,0.187829470294157,0.281479114279874,0,1
8,8,2,5,0,0,0.00276471029929467,0.00559235969679942,0.0674458418790623,-0.0435363366667234,0.0951826451691311,0,1
8,8,2,6,0,0,0.000790769678805653,0.00145320987782408,0.0900481687828533,0.192617061996627,0.33078810053012,0,1
8,8,2,7,0,0,0.0027864339862318,0.00607438434303397,0.130757106992828,-0.329954687031335,-0.230764703167696,0,1
8,8,2,8,0,0,0.00209362710378182,0.00373585433044555,0.138899984280311,0.334250807096549,0.502908748644575,0,1
8,8,2,9,0,0,0.00219605929657631,0.00344130419442352,0.111275782626363,-0.0714505268376629,0.161163779529908,0,1
8,8,2,10,0,0,0.00145801450726269,0.00245513140499741,0.228570057975353,0.450251792385086,0.59244263967928,0,1
8,8,2,11,0,0,0.0036634121696042,0.00506100950441312,0.109996213568855,0.202276159615933,0.365922868247545,0,1
8,8,2,12,0,0,0.00153441713335162,0.00194946568257581,0.235490927161547,0.545431824978054,0.601236952625692,0,1
8,8,2,13,0,0,0.00105369126339386,0.00188940477085291,0.0850788069222283,-0.119484313847148,0.453352348997614,0,1
8,8,2,14,0,0,0.000908777656436735,0.000768411068066215,0.077692214378077,-0.298567190228903,0.503284307733871,0,1
8,8,2,15,0,0,0.00015380132999114,0.000334527159826827,0.0970031881544451,-0.489241710995079,0.578955643783716,0,1
8,8,2,16,0,0,0.0024204814379775,0.00355149750896116,0.108114214902117,-0.414517480061886,0.373729482667093,0,1
8,9,2,1,0,0,0.00335942488105107,0.00627506578617931,0.237413252260068,-0.106760404672318,-0.0120799703251625,0,1
8,9,2,2,0,0,0.00739399642033432,0.0103712938228406,0.109507775107919,0.50125566570901,0.243274600313601,0,1
8,9,2,3,0,0,0.00350521694439208,0.00598162200141112,0.0678957061752791,-0.155147557776191,-0.0178439654684848,0,1
8,9,2,4,0,0,0.00442518444287688,0.0071508974272415,0.0668894953946676,0.322315315063922,0.176339507825383,0,1
8,9,2,5,0,0,0.00171177527180767,0.00396026530563311,0.0669831370826824,0.331733284611829,0.303812830487819,0,1
8,9,2,6,0,0,0.00279631034508536,0.00531174566769384,0.0901401767150454,0.214938924293778,0.326879041875838,0,1
8,9,2,7,0,0,0.0031772265291887,0.00554280999488371,0.129884310826419,-0.112055927987613,-0.151801675773539,0.0078125,1
8,9,2,8,0,0,0.00363397559863231,0.00737103353961734,0.139387934552998,0.787776488672868,0.890294352887938,0,1
8,9,2,9,0,0,0.000255765906863345,0.00165206438545578,0.110557812276322,0.0990440721755697,0.018371356871905,0,1
8,9,2,10,0,0,0.00247433163111875,0.00489259226096133,0.229956805131922,0.752007171084427,0.823268524013008,0.03125,1
8,9,2,11,0,0,0.0021527638685395,0.0016103831368862,0.108329280636497,0.674570947569822,0.745076271579307,0,1
8,9,2,12,0,0,0.00140755942489114,0.00323396120644711,0.233468646733694,0.187669228830287,0.136991377557051,0,1
8,9,2,13,0,0,0.00123244727441487,0.00495810315429841,0.0842113083129718,0.51536629300598,0.50623785326103,0,1
8,9,2,14,0,0,0.0011905201982798,0.00517412136472328,0.0762642773092005,0.190182769478139,0.0322521125018647,0,1
8,9,2,15,0,0,0.00240868948851576,0.00589557976300172,0.0960610446798224,0.102308332481386,0.257021259557492,0,1
8,9,2,16,0,0,0.00400373308298009,0.00927145956251718,0.105549043216557,0.52172593419583,0.312353616921038,0,1
8,10,3,1,0,0,0.00121895092507833,0.00317353936674122,0.246586187212168,-0.0213371720584071,0.0485604013249938,0,1
8,10,3,2,0,0,0.00163069847706064,0.00407010269664101,0.104883573572291,0.67076178216712,0.812570567754357,0,1
8,10,3,3,0,0,0.00169226840963593,0.00351981890115785,0.062763679388821,-0.262795261252264,-0.297651153378166,0,1
8,10,3,4,0,0,0.0010149158491605,0.00306880756203843,0.0622608261095144,0.229991296863542,-0.693896804626971,0,1
8,10,3,5,0,0,0.00207958527959989,0.00423354012316745,0.0642430201838569,0.189377055755484,0.289547584922523,0,1
8,10,3,6,0,0,0.0018088693491416,0.00408619073966462,0.0863093962341169,0.137646367854327,-0.661150113923146,0,1
8,10,3,7,0,0,0.0025214523016282,0.00538035325957437,0.127732285489249,0.066748586892778,0.168409562290718,0.0390625,1
8,10,3,8,0,0,0.00224588226381345,0.0051274006647705,0.13437016019023,0.674585898616604,0.882553941203275,0.0078125,1
8,10,3,9,0,0,0.00187930712176264,0.00396830330971502,0.11415118671865,0.543988064051767,0.494298286894641,0,1
8,10,3,10,0,0,0.00237183871555797,0.00511339384964811,0.230477373058573,0.845251304373992,0.941056465665409,0.03125,1
8,10,3,11,0,0,0.00265708352472074,0.00488403490586369,0.11100771304986,0.335561862666821,0.190478963055676,0,1
8,10,3,12,0,0,0.00197318431489708,0.00416621462425652,0.248498707711349,0.401539723088358,0.0267378726740177,0,1
8,10,3,13,0,0,0.00170273521775478,0.0035431390205095,0.08694375780543,0.254180661623401,0.473542988380556,0,1
8,10,3,14,0,0,0.00123615114199828,0.0033927437835378,0.0765163419742904,-0.305231430728432,-0.348374521735444,0,1
8,10,3,15,0,0,0.00114039852618895,0.00235176919519873,0.0933634075300638,0.569014362208125,0.705253863578925,0,1
8,10,3,16,0,0,0.00119610507654265,0.00286478733670126,0.113074667220159,0.710705709954836,0.769645907640103,0,1
8,11,3,1,0,0,0.00308613137820895,0.00700648951743352,0.243896833180252,-0.384956047498134,-0.336521042190351,0,1
8,11,3,2,0,0,0.0046466115672967,0.00935920526531008,0.109412365659084,0.626831000082557,0.476240538635107,0,1
8,11,3,3,0,0,0.00268724477156088,0.00665637120791959,0.0683957976271087,-0.248450385812181,-0.285009049437964,0,1
8,11,3,4,0,0,0.00238804478279376,0.00620540630866529,0.0671488936818049,0.481138476845127,0.300763258873105,0,1
8,11,3,5,0,0,0.0055674445436286,0.00892924069199895,0.0682112365458415,-0.386084205159731,-0.413260743955406,0,1
8,11,3,6,0,0,0.00402666300473472,0.00638372585713351,0.0912358957071574,0.282857737799673,0.221973292933107,0,1
8,11,3,7,0,0,0.00734303809564452,0.0119202294058191,0.132498777030419,-0.0903585317420363,-0.237204291592947,0,1
8,11,3,8,0,0,0.00665175432500579,0.0100116721793998,0.140541678832721,0.59111095767799,0.565182864422567,0,1
8,11,3,9,0,0,0.00587875868914134,0.0106484315198607,0.112688387820937,-0.446545193588242,-0.441218995271368,0,1
8,11,3,10,0,0,0.00513454760967686,0.0100353626220807,0.231717838238587,0.641268544322579,0.654179264544667,0,1
8,11,3,11,0,0,0.00692863386329123,0.0132763712042501,0.11060695254772,-0.102861850302258,-0.114245084103736,0,1
8,11,3,12,0,0,0.00294785986933766,0.00765390122866591,0.239008103430877,0.500267938398642,0.517935420870583,0,1
8,11,3,13,0,0,0.00615828595827736,0.0106202978010979,0.0856146163443469,-0.42130605510189,-0.429137464673947,0,1
8,11,3,14,0,0,0.00322347473108447,0.00740391209714793,0.0777803096473278,0.0139095362543983,-0.163515853111876,0,1
8,11,3,15,0,0,0.00257109948390309,0.00576937325201436,0.0983856271341335,0.164605181146064,-0.0437523519006332,0,1
8,11,3,16,0,0,0.00323876535199288,0.00770519119366392,0.108652612674691,0.349563365789673,0.218564908517217,0,1
8,12,3,1,0,0,0.00274726357817523,0.00628450946402891,0.251785266520036,-0.49221387466916,-0.334884478450363,0,1
8,12,3,2,0,0,0.00593942897394404,0.0107607447683246,0.113987760156198,0.913398084657877,0.924677754306612,0,1
8,12,3,3,0,0,0.00259588905313453,0.00513642130168509,0.0722396687604851,-0.0713965585638475,-0.00203533005277856,0,1
8,12,3,4,0,0,0.00290332012674517,0.00619251310415495,0.0707497186642853,0.654196134916611,0.57329922575101,0,1
8,12,3,5,0,0,0.00365736421636589,0.00677548954569869,0.0704380733529488,0.107089876365764,0.0721634820501038,0,1
8,12,3,6,0,0,0.0033580444129592,0.00662335580742973,0.09564313955739,0.728878967412773,0.633292119750361,0,1
8,12,3,7,0,0,0.00485050003315502,0.00908174069875379,0.139088745636743,NaN,NaN,0.046875,1
8,12,3,8,0,0,0.0053036336796191,0.0103237386454991,0.147624656020888,0.862525189660816,0.925559837862236,0.0390625,1
8,12,3,9,0,0,0.0031241618855687,0.00608984567382482,0.116163307183335,0.392096187384011,0.486460608071372,0.03125,1
8,12,3,10,0,0,0.00512825709599597,0.0104138675097346,0.242963112550215,0.912712135572287,0.945482211227353,0.0234375,1
8,12,3,11,0,0,0.00320835428312899,0.00678884363283385,0.112113469968803,0.780307323206378,0.758714503659478,0,1
8,12,3,12,0,0,0.00271415616486157,0.00700648749282061,0.244092911888865,0.717047172843544,0.687316287718775,0,1
8,12,3,13,0,0,0.00350643336843614,0.00685400742093306,0.0861397682406411,0.723262432763102,0.765665333855178,0,1
8,12,3,14,0,0,0.00172444661340325,0.00632692912758795,0.0781687328721973,0.824579818172323,0.86562118892011,0,1
8,12,3,15,0,0,0.00130596806708891,0.00530017205772478,0.10023516584737,0.783287471262954,0.890549814874723,0,1
8,12,3,16,0,0,0.00275368724215516,0.00822932562934165,0.110277669622502,0.781596193489371,0.879269230504848,0,1
